timestamp,Hx,Hy,Hz
1969-11-23 17:58:30,11.760000000000002,3.9000000000000004,0.7800000000000011
1969-11-23 17:59:30,11.8,4.029999999999999,0.6000000000000014
1969-11-23 18:00:30,11.84,4.08,0.5700000000000003
1969-11-23 18:01:30,11.850000000000001,4.209999999999999,0.4700000000000024
1969-11-23 18:02:30,11.89,4.209999999999999,0.490000000000002
1969-11-23 18:03:30,11.82,4.279999999999999,0.4800000000000004
1969-11-23 18:04:30,11.860000000000001,4.26,0.4400000000000013
1969-11-23 18:05:30,11.83,4.249999999999998,0.5399999999999991
1969-11-23 18:06:30,11.770000000000001,4.360000000000001,0.6000000000000014
1969-11-23 18:07:30,11.81,4.459999999999999,0.5600000000000023
1969-11-23 18:08:30,11.88,4.470000000000001,0.5800000000000018
1969-11-23 18:09:30,11.97,4.5600000000000005,0.39000000000000057
1969-11-23 18:10:30,12.07,4.389999999999999,0.26000000000000156
1969-11-23 18:11:30,12.010000000000002,4.24,0.19000000000000128
1969-11-23 18:12:30,12.0,4.35,0.010000000000001563
1969-11-23 18:13:30,11.940000000000001,4.270000000000001,0.05000000000000071
1969-11-23 18:14:30,11.780000000000001,4.0600000000000005,0.2699999999999996
1969-11-23 18:15:30,11.690000000000001,4.07,0.4400000000000013
1969-11-23 18:16:30,11.700000000000001,4.130000000000001,0.39000000000000057
1969-11-23 18:17:30,11.8,4.07,0.39000000000000057
1969-11-23 18:18:30,11.72,4.0,0.5800000000000018
1969-11-23 18:19:30,11.600000000000001,4.029999999999999,0.75
1969-11-23 18:20:30,11.620000000000001,4.02,0.7100000000000009
1969-11-23 18:21:30,11.680000000000001,4.09,0.7200000000000024
1969-11-23 18:22:30,11.620000000000001,4.049999999999999,0.8200000000000003
1969-11-23 18:23:30,11.67,3.99,0.7600000000000016
1969-11-23 18:24:30,11.65,3.9499999999999993,0.7800000000000011
1969-11-23 18:25:30,11.64,3.9800000000000004,0.9299999999999997
1969-11-23 18:26:30,11.65,4.049999999999999,0.8000000000000007
1969-11-23 18:27:30,11.64,3.9800000000000004,0.8399999999999999
1969-11-23 18:28:30,11.620000000000001,3.9299999999999997,1.0399999999999991
1969-11-23 18:29:30,11.610000000000001,4.049999999999999,0.879999999999999
1969-11-23 18:30:30,11.65,4.130000000000001,0.8599999999999994
1969-11-23 18:31:30,11.67,4.130000000000001,0.8500000000000014
1969-11-23 18:32:30,11.56,4.09,0.9200000000000017
1969-11-23 18:33:30,11.48,4.07,1.0300000000000011
1969-11-23 18:34:30,11.5,4.209999999999999,1.0100000000000016
1969-11-23 18:35:30,11.57,4.159999999999998,0.8900000000000006
1969-11-23 18:36:30,11.510000000000002,4.08,1.0399999999999991
1969-11-23 18:37:30,11.48,4.119999999999999,1.0800000000000018
1969-11-23 18:38:30,11.47,4.110000000000001,1.0700000000000003
1969-11-23 18:39:30,11.540000000000001,4.08,1.0600000000000023
1969-11-23 18:40:30,11.5,4.09,1.1000000000000014
1969-11-23 18:41:30,11.49,4.110000000000001,1.0600000000000023
1969-11-23 18:42:30,11.42,4.17,1.129999999999999
1969-11-23 18:43:30,11.4,4.15,1.2100000000000009
1969-11-23 18:44:30,11.4,4.179999999999998,1.1700000000000017
1969-11-23 18:45:30,11.48,4.1899999999999995,1.120000000000001
1969-11-23 18:46:30,11.450000000000001,4.229999999999999,1.0800000000000018
1969-11-23 18:47:30,11.5,4.17,1.1700000000000017
1969-11-23 18:48:30,11.56,4.15,1.1000000000000014
1969-11-23 18:49:30,11.600000000000001,4.1899999999999995,1.1099999999999994
1969-11-23 18:50:30,11.620000000000001,4.249999999999998,1.0700000000000003
1969-11-23 18:51:30,11.63,4.279999999999999,1.0500000000000007
1969-11-23 18:52:30,11.690000000000001,4.220000000000001,1.0800000000000018
1969-11-23 18:53:30,11.680000000000001,4.159999999999998,1.129999999999999
1969-11-23 18:54:30,11.72,4.1,1.1700000000000017
1969-11-23 18:55:30,11.73,4.1,1.1500000000000021
1969-11-23 18:56:30,11.74,4.08,1.2800000000000011
1969-11-23 18:57:30,11.71,4.039999999999999,1.3200000000000003
1969-11-23 18:58:30,11.680000000000001,3.969999999999999,1.4600000000000009
1969-11-23 18:59:30,11.71,4.049999999999999,1.4600000000000009
1969-11-23 19:00:30,11.680000000000001,4.0600000000000005,1.4400000000000013
1969-11-23 19:01:30,11.64,4.110000000000001,1.4000000000000021
1969-11-23 19:02:30,11.63,4.15,1.3500000000000014
1969-11-23 19:03:30,11.66,4.15,1.4299999999999997
1969-11-23 19:04:30,11.690000000000001,4.139999999999999,1.4700000000000024
1969-11-23 19:05:30,11.74,4.110000000000001,1.4600000000000009
1969-11-23 19:06:30,11.680000000000001,4.130000000000001,1.4800000000000004
1969-11-23 19:07:30,11.700000000000001,4.110000000000001,1.4100000000000001
1969-11-23 19:08:30,11.73,4.110000000000001,1.4700000000000024
1969-11-23 19:09:30,11.75,4.220000000000001,1.4400000000000013
1969-11-23 19:10:30,11.790000000000001,4.279999999999999,1.4200000000000017
1969-11-23 19:11:30,11.790000000000001,4.380000000000001,1.4499999999999993
1969-11-23 19:12:30,11.88,4.4,1.4400000000000013
1969-11-23 19:13:30,11.870000000000001,4.389999999999999,1.4299999999999997
1969-11-23 19:14:30,11.930000000000001,4.409999999999998,1.370000000000001
1969-11-23 19:15:30,11.950000000000001,4.429999999999998,1.3100000000000023
1969-11-23 19:16:30,11.940000000000001,4.4,1.2899999999999991
1969-11-23 19:17:30,11.950000000000001,4.380000000000001,1.2899999999999991
1969-11-23 19:18:30,11.97,4.380000000000001,1.1900000000000013
1969-11-23 19:19:30,12.010000000000002,4.389999999999999,1.1500000000000021
1969-11-23 19:20:30,12.06,4.360000000000001,1.0800000000000018
1969-11-23 19:21:30,12.040000000000001,4.380000000000001,1.0399999999999991
1969-11-23 19:22:30,11.950000000000001,4.42,0.9400000000000013
1969-11-23 19:23:30,12.030000000000001,4.4399999999999995,0.9600000000000009
1969-11-23 19:24:30,12.14,4.49,0.8200000000000003
1969-11-23 19:25:30,12.260000000000002,4.5600000000000005,0.740000000000002
1969-11-23 19:26:30,12.33,4.5600000000000005,0.5899999999999999
1969-11-23 19:27:30,12.47,4.51,0.35999999999999943
1969-11-23 19:28:30,12.56,4.33,0.3200000000000003
1969-11-23 19:29:30,12.56,4.24,0.19000000000000128
1969-11-23 19:30:30,12.58,4.249999999999998,0.10000000000000142
1969-11-23 19:31:30,12.510000000000002,4.24,0.08999999999999986
1969-11-23 19:32:30,12.530000000000001,4.229999999999999,0.08999999999999986
1969-11-23 19:33:30,12.55,4.35,0.08999999999999986
1969-11-23 19:34:30,12.56,4.429999999999998,0.03999999999999915
1969-11-23 19:35:30,12.57,4.429999999999998,-0.03999999999999915
1969-11-23 19:36:30,12.59,4.450000000000001,-0.25
1969-11-23 19:37:30,12.63,4.58,-0.3999999999999986
1969-11-23 19:38:30,12.65,4.450000000000001,-0.3999999999999986
1969-11-23 19:39:30,12.600000000000001,4.380000000000001,-0.46999999999999886
1969-11-23 19:40:30,12.59,4.1899999999999995,-0.2699999999999996
1969-11-23 19:41:30,12.450000000000001,4.08,-0.08999999999999986
1969-11-23 19:42:30,12.350000000000001,4.0600000000000005,0.03999999999999915
1969-11-23 19:43:30,12.33,3.99,0.10000000000000142
1969-11-23 19:44:30,12.290000000000001,3.969999999999999,0.3200000000000003
1969-11-23 19:45:30,12.25,4.08,0.28000000000000114
1969-11-23 19:46:30,12.21,4.02,0.33999999999999986
1969-11-23 19:47:30,12.010000000000002,4.0600000000000005,0.40000000000000213
1969-11-23 19:48:30,11.940000000000001,4.1,0.33000000000000185
1969-11-23 19:49:30,11.88,4.049999999999999,0.5
1969-11-23 19:50:30,11.770000000000001,4.1,0.6000000000000014
1969-11-23 19:51:30,11.760000000000002,4.1,0.6400000000000006
1969-11-23 19:52:30,11.780000000000001,4.0600000000000005,0.6700000000000017
1969-11-23 19:53:30,11.75,4.07,0.6600000000000001
1969-11-23 19:54:30,11.790000000000001,4.17,0.4400000000000013
1969-11-23 19:55:30,11.8,4.0600000000000005,0.33999999999999986
1969-11-23 19:56:30,11.67,3.9499999999999993,0.4400000000000013
1969-11-23 19:57:30,11.57,3.959999999999999,0.5
1969-11-23 19:58:30,11.55,3.9000000000000004,0.5899999999999999
1969-11-23 19:59:30,11.48,3.84,0.5899999999999999
1969-11-23 20:00:30,11.440000000000001,3.83,0.6700000000000017
1969-11-23 20:01:30,11.430000000000001,3.8100000000000005,0.620000000000001
1969-11-23 20:02:30,11.4,3.709999999999999,0.46000000000000085
1969-11-23 20:03:30,11.42,3.59,0.5899999999999999
1969-11-23 20:04:30,11.4,3.58,0.6400000000000006
1969-11-23 20:05:30,11.450000000000001,3.5600000000000005,0.5
1969-11-23 20:06:30,11.42,3.5600000000000005,0.5100000000000016
1969-11-23 20:07:30,11.34,3.549999999999999,0.5
1969-11-23 20:08:30,11.370000000000001,3.4299999999999997,0.4700000000000024
1969-11-23 20:09:30,11.370000000000001,3.379999999999999,0.5800000000000018
1969-11-23 20:10:30,11.350000000000001,3.3100000000000005,0.7600000000000016
1969-11-23 20:11:30,11.290000000000001,3.2699999999999996,0.9100000000000001
1969-11-23 20:12:30,11.3,3.369999999999999,0.8599999999999994
1969-11-23 20:13:30,11.280000000000001,3.369999999999999,0.9200000000000017
1969-11-23 20:14:30,11.22,3.3499999999999996,1.0
1969-11-23 20:15:30,11.3,3.41,0.9800000000000004
1969-11-23 20:16:30,11.23,3.299999999999999,1.1400000000000006
1969-11-23 20:17:30,11.180000000000001,3.299999999999999,1.2699999999999996
1969-11-23 20:18:30,11.13,3.4000000000000004,1.240000000000002
1969-11-23 20:19:30,11.13,3.34,1.3900000000000006
1969-11-23 20:20:30,11.17,3.3200000000000003,1.4100000000000001
1969-11-23 20:21:30,11.17,3.469999999999999,1.3100000000000023
1969-11-23 20:22:30,11.23,3.469999999999999,1.2300000000000004
1969-11-23 20:23:30,11.280000000000001,3.459999999999999,1.25
1969-11-23 20:24:30,11.31,3.49,1.2200000000000024
1969-11-23 20:25:30,11.31,3.459999999999999,1.1500000000000021
1969-11-23 20:26:30,11.270000000000001,3.549999999999999,1.0899999999999999
1969-11-23 20:27:30,11.3,3.6099999999999994,1.120000000000001
1969-11-23 20:28:30,11.23,3.6999999999999993,1.1999999999999993
1969-11-23 20:29:30,11.190000000000001,3.76,1.1799999999999997
1969-11-23 20:30:30,11.180000000000001,3.75,1.2800000000000011
1969-11-23 20:31:30,11.260000000000002,3.719999999999999,1.3399999999999999
1969-11-23 20:32:30,11.270000000000001,3.719999999999999,1.3000000000000007
1969-11-23 20:33:30,11.23,3.75,1.2600000000000016
1969-11-23 20:34:30,11.32,3.74,1.25
1969-11-23 20:35:30,11.280000000000001,3.74,1.1999999999999993
1969-11-23 20:36:30,11.34,3.7799999999999994,1.1999999999999993
1969-11-23 20:37:30,11.33,3.8499999999999996,1.1400000000000006
1969-11-23 20:38:30,11.360000000000001,3.8499999999999996,1.2200000000000024
1969-11-23 20:39:30,11.350000000000001,3.9000000000000004,1.25
1969-11-23 20:40:30,11.38,3.9399999999999995,1.2899999999999991
1969-11-23 20:41:30,11.440000000000001,3.959999999999999,1.25
1969-11-23 20:42:30,11.430000000000001,3.869999999999999,1.3599999999999994
1969-11-23 20:43:30,11.440000000000001,3.84,1.379999999999999
1969-11-23 20:44:30,11.440000000000001,3.8599999999999994,1.379999999999999
1969-11-23 20:45:30,11.48,3.8499999999999996,1.3100000000000023
1969-11-23 20:46:30,11.55,3.889999999999999,1.240000000000002
1969-11-23 20:47:30,11.59,4.02,1.1000000000000014
1969-11-23 20:48:30,11.64,4.139999999999999,1.2200000000000024
1969-11-23 20:49:30,11.66,4.159999999999998,1.4299999999999997
1969-11-23 20:50:30,11.680000000000001,4.15,1.4600000000000009
1969-11-23 20:51:30,11.66,4.17,1.5399999999999991
1969-11-23 20:52:30,11.67,4.200000000000001,1.4000000000000021
1969-11-23 20:53:30,11.72,4.130000000000001,1.5
1969-11-23 20:54:30,11.700000000000001,4.039999999999999,1.6500000000000021
1969-11-23 20:55:30,11.72,4.08,1.6099999999999994
1969-11-23 20:56:30,11.74,4.26,1.3100000000000023
1969-11-23 20:57:30,11.780000000000001,4.130000000000001,1.2200000000000024
1969-11-23 20:58:30,11.8,4.029999999999999,1.1099999999999994
1969-11-23 20:59:30,11.790000000000001,3.869999999999999,1.1400000000000006
1969-11-23 21:00:30,11.780000000000001,3.8200000000000003,1.2100000000000009
1969-11-23 21:01:30,11.760000000000002,3.76,1.3500000000000014
1969-11-23 21:02:30,11.700000000000001,3.74,1.3399999999999999
1969-11-23 21:03:30,11.71,3.83,1.3200000000000003
1969-11-23 21:04:30,11.72,3.719999999999999,1.4100000000000001
1969-11-23 21:05:30,11.680000000000001,3.629999999999999,1.5100000000000016
1969-11-23 21:06:30,11.55,3.49,1.2600000000000016
1969-11-23 21:07:30,11.71,3.7300000000000004,1.240000000000002
1969-11-23 21:08:30,11.700000000000001,3.66,1.2200000000000024
1969-11-23 21:09:30,11.760000000000002,3.66,1.0500000000000007
1969-11-23 21:10:30,11.760000000000002,3.59,1.1099999999999994
1969-11-23 21:11:30,11.690000000000001,3.619999999999999,1.3500000000000014
1969-11-23 21:12:30,11.690000000000001,3.6999999999999993,1.3200000000000003
1969-11-23 21:13:30,11.73,3.6500000000000004,1.129999999999999
1969-11-23 21:14:30,11.71,3.5999999999999996,1.3000000000000007
1969-11-23 21:15:30,11.680000000000001,3.58,1.4000000000000021
1969-11-23 21:16:30,11.74,3.51,1.3200000000000003
1969-11-23 21:17:30,11.72,3.4499999999999993,1.4499999999999993
1969-11-23 21:18:30,11.84,3.51,1.1799999999999997
1969-11-23 21:19:30,11.72,3.5,1.3300000000000018
1969-11-23 21:20:30,11.65,3.4399999999999995,1.5
1969-11-23 21:21:30,11.74,3.469999999999999,1.5199999999999996
1969-11-23 21:22:30,11.67,3.4800000000000004,1.4100000000000001
1969-11-23 21:23:30,11.67,3.49,1.2300000000000004
1969-11-23 21:24:30,11.66,3.6500000000000004,1.1700000000000017
1969-11-23 21:25:30,11.620000000000001,3.6999999999999993,1.1900000000000013
1969-11-23 21:26:30,11.610000000000001,3.6799999999999997,1.1700000000000017
1969-11-23 21:27:30,11.600000000000001,3.6899999999999995,1.129999999999999
1969-11-23 21:28:30,11.67,3.6500000000000004,1.1900000000000013
1969-11-23 21:29:30,11.700000000000001,3.639999999999999,1.4299999999999997
1969-11-23 21:30:30,11.73,3.6899999999999995,1.6500000000000021
1969-11-23 21:31:30,11.71,3.629999999999999,1.6999999999999993
1969-11-23 21:32:30,11.690000000000001,3.58,1.870000000000001
1969-11-23 21:33:30,11.71,3.59,1.870000000000001
1969-11-23 21:34:30,11.72,3.4299999999999997,1.9200000000000017
1969-11-23 21:35:30,11.67,3.42,1.9100000000000001
1969-11-23 21:36:30,11.600000000000001,3.51,1.9000000000000021
1969-11-23 21:37:30,11.55,3.59,1.6600000000000001
1969-11-23 21:38:30,11.600000000000001,3.4800000000000004,1.4800000000000004
1969-11-23 21:39:30,11.63,3.4399999999999995,1.2300000000000004
1969-11-23 21:40:30,11.66,3.49,1.129999999999999
1969-11-23 21:41:30,11.55,3.51,1.3000000000000007
1969-11-23 21:42:30,11.510000000000002,3.539999999999999,1.6099999999999994
1969-11-23 21:43:30,11.530000000000001,3.539999999999999,2.0100000000000016
1969-11-23 21:44:30,11.520000000000001,3.4800000000000004,2.0100000000000016
1969-11-23 21:45:30,11.510000000000002,3.5299999999999994,1.8599999999999994
1969-11-23 21:46:30,11.56,3.549999999999999,1.6700000000000017
1969-11-23 21:47:30,11.620000000000001,3.719999999999999,1.740000000000002
1969-11-23 21:48:30,11.72,3.83,1.75
1969-11-23 21:49:30,11.83,3.889999999999999,1.6500000000000021
1969-11-23 21:50:30,11.99,3.889999999999999,1.8399999999999999
1969-11-23 21:51:30,12.06,3.8499999999999996,1.7899999999999991
1969-11-23 21:52:30,12.190000000000001,3.789999999999999,1.6700000000000017
1969-11-23 21:53:30,12.39,3.799999999999999,1.5399999999999991
1969-11-23 21:54:30,12.63,3.75,1.5100000000000016
1969-11-23 21:55:30,12.71,3.7799999999999994,1.4299999999999997
1969-11-23 21:56:30,12.75,3.889999999999999,1.4800000000000004
1969-11-23 21:57:30,12.860000000000001,3.8200000000000003,1.4200000000000017
1969-11-23 21:58:30,13.020000000000001,3.9499999999999993,1.25
1969-11-23 21:59:30,13.09,3.9499999999999993,1.0300000000000011
1969-11-23 22:00:30,13.200000000000001,3.9299999999999997,0.5800000000000018
1969-11-23 22:01:30,13.14,3.74,0.240000000000002
1969-11-23 22:02:30,13.0,3.459999999999999,0.41000000000000014
1969-11-23 22:03:30,12.92,3.3499999999999996,0.4299999999999997
1969-11-23 22:04:30,12.74,3.2799999999999994,0.6000000000000014
1969-11-23 22:05:30,12.57,3.24,0.740000000000002
1969-11-23 22:06:30,12.49,3.219999999999999,0.9299999999999997
1969-11-23 22:07:30,12.39,3.139999999999999,1.0399999999999991
1969-11-23 22:08:30,12.370000000000001,3.119999999999999,1.0800000000000018
1969-11-23 22:09:30,12.32,3.1500000000000004,1.1999999999999993
1969-11-23 22:10:30,12.16,3.1799999999999997,1.2200000000000024
1969-11-23 22:11:30,12.15,3.2699999999999996,1.4000000000000021
1969-11-23 22:12:30,12.09,3.299999999999999,1.4700000000000024
1969-11-23 22:13:30,12.09,3.3599999999999994,1.4499999999999993
1969-11-23 22:14:30,12.16,3.379999999999999,1.4800000000000004
1969-11-23 22:15:30,12.14,3.3499999999999996,1.5199999999999996
1969-11-23 22:16:30,12.14,3.3200000000000003,1.490000000000002
1969-11-23 22:17:30,12.100000000000001,3.25,1.4400000000000013
1969-11-23 22:18:30,11.99,3.2799999999999994,1.4700000000000024
1969-11-23 22:19:30,11.940000000000001,3.3200000000000003,1.4299999999999997
1969-11-23 22:20:30,11.9,3.2799999999999994,1.5600000000000023
1969-11-23 22:21:30,11.8,3.3499999999999996,1.5899999999999999
1969-11-23 22:22:30,11.770000000000001,3.42,1.6500000000000021
1969-11-23 22:23:30,11.680000000000001,3.4000000000000004,1.6500000000000021
1969-11-23 22:24:30,11.63,3.5,1.7600000000000016
1969-11-23 22:25:30,11.530000000000001,3.5600000000000005,1.7300000000000004
1969-11-23 22:26:30,11.530000000000001,3.629999999999999,1.6999999999999993
1969-11-23 22:27:30,11.49,3.549999999999999,1.6400000000000006
1969-11-23 22:28:30,11.46,3.5700000000000003,1.6000000000000014
1969-11-23 22:29:30,11.42,3.639999999999999,1.4299999999999997
1969-11-23 22:30:30,11.41,3.58,1.3200000000000003
1969-11-23 22:31:30,11.4,3.5999999999999996,1.1999999999999993
1969-11-23 22:32:30,11.32,3.4800000000000004,1.1000000000000014
1969-11-23 22:33:30,11.3,3.469999999999999,1.0199999999999996
1969-11-23 22:34:30,11.24,3.49,1.0199999999999996
1969-11-23 22:35:30,11.15,3.539999999999999,1.0399999999999991
1969-11-23 22:36:30,11.16,3.5600000000000005,0.9200000000000017
1969-11-23 22:37:30,11.24,3.549999999999999,0.9100000000000001
1969-11-23 22:38:30,11.23,3.549999999999999,0.9100000000000001
1969-11-23 22:39:30,11.32,3.379999999999999,1.1999999999999993
1969-11-23 22:40:30,11.3,3.4399999999999995,1.2699999999999996
1969-11-23 22:41:30,11.270000000000001,3.4499999999999993,1.2100000000000009
1969-11-23 22:42:30,11.280000000000001,3.4499999999999993,0.9499999999999993
1969-11-23 22:43:30,11.350000000000001,3.4499999999999993,0.9800000000000004
1969-11-23 22:44:30,11.42,3.4399999999999995,1.0
1969-11-23 22:45:30,11.440000000000001,3.4800000000000004,1.0800000000000018
1969-11-23 22:46:30,11.440000000000001,3.4499999999999993,1.1400000000000006
1969-11-23 22:47:30,11.49,3.369999999999999,1.2200000000000024
1969-11-23 22:48:30,11.49,3.2300000000000004,1.2300000000000004
1969-11-23 22:49:30,11.440000000000001,3.1899999999999995,1.3300000000000018
1969-11-23 22:50:30,11.440000000000001,3.1999999999999993,1.370000000000001
1969-11-23 22:51:30,11.520000000000001,3.219999999999999,1.2100000000000009
1969-11-23 22:52:30,11.5,3.25,1.0500000000000007
1969-11-23 22:53:30,11.57,3.17,1.0700000000000003
1969-11-23 22:54:30,11.58,3.0999999999999996,1.2899999999999991
1969-11-23 22:55:30,11.56,3.0199999999999996,1.4299999999999997
1969-11-23 22:56:30,11.600000000000001,2.969999999999999,1.5199999999999996
1969-11-23 22:57:30,11.57,2.99,1.5399999999999991
1969-11-23 22:58:30,11.55,3.0,1.5700000000000003
1969-11-23 22:59:30,11.510000000000002,2.8499999999999996,1.6999999999999993
1969-11-23 23:00:30,11.520000000000001,2.7799999999999994,1.7800000000000011
1969-11-23 23:01:30,11.48,2.75,1.8599999999999994
1969-11-23 23:02:30,11.49,2.6999999999999993,1.9100000000000001
1969-11-23 23:03:30,11.41,2.6500000000000004,1.990000000000002
1969-11-23 23:04:30,11.430000000000001,2.5999999999999996,2.09
1969-11-23 23:05:30,11.430000000000001,2.5999999999999996,2.16
1969-11-23 23:06:30,11.48,2.4800000000000004,2.280000000000001
1969-11-23 23:07:30,11.38,2.4499999999999993,2.240000000000002
1969-11-23 23:08:30,11.360000000000001,2.4000000000000004,2.370000000000001
1969-11-23 23:09:30,11.32,2.3200000000000003,2.4299999999999997
1969-11-23 23:10:30,11.24,2.34,2.41
1969-11-23 23:11:30,11.180000000000001,2.369999999999999,2.3599999999999994
1969-11-23 23:12:30,11.120000000000001,2.379999999999999,2.3000000000000007
1969-11-23 23:13:30,11.06,2.4399999999999995,2.2200000000000024
1969-11-23 23:14:30,11.010000000000002,2.5199999999999996,2.1900000000000013
1969-11-23 23:15:30,10.96,2.5,2.210000000000001
1969-11-23 23:16:30,10.92,2.5299999999999994,2.330000000000002
1969-11-23 23:17:30,10.860000000000001,2.539999999999999,2.370000000000001
1969-11-23 23:18:30,10.84,2.5999999999999996,2.3900000000000006
1969-11-23 23:19:30,10.83,2.6999999999999993,2.25
1969-11-23 23:20:30,10.81,2.76,2.2699999999999996
1969-11-23 23:21:30,10.770000000000001,2.8200000000000003,2.2200000000000024
1969-11-23 23:22:30,10.790000000000001,2.7699999999999996,2.25
1969-11-23 23:23:30,10.770000000000001,2.8100000000000005,2.3100000000000023
1969-11-23 23:24:30,10.71,2.9000000000000004,2.3900000000000006
1969-11-23 23:25:30,10.790000000000001,2.8100000000000005,2.3100000000000023
1969-11-23 23:26:30,10.84,2.799999999999999,2.2699999999999996
1969-11-23 23:27:30,10.8,2.8200000000000003,2.16
1969-11-23 23:28:30,10.770000000000001,2.84,2.0600000000000023
1969-11-23 23:29:30,10.8,2.9000000000000004,2.0500000000000007
1969-11-23 23:30:30,10.81,2.889999999999999,2.1999999999999993
1969-11-23 23:31:30,10.83,2.9499999999999993,2.289999999999999
1969-11-23 23:32:30,10.950000000000001,2.959999999999999,2.3599999999999994
1969-11-23 23:33:30,10.950000000000001,2.889999999999999,2.4400000000000013
1969-11-23 23:34:30,10.96,2.8200000000000003,2.460000000000001
1969-11-23 23:35:30,10.97,2.75,2.5100000000000016
1969-11-23 23:36:30,10.89,2.76,2.7699999999999996
1969-11-23 23:37:30,10.780000000000001,2.6899999999999995,2.8900000000000006
1969-11-23 23:38:30,10.74,2.67,2.830000000000002
1969-11-23 23:39:30,10.71,2.6500000000000004,2.6999999999999993
1969-11-23 23:40:30,10.72,2.6799999999999997,2.530000000000001
1969-11-23 23:41:30,10.790000000000001,2.639999999999999,2.4400000000000013
1969-11-23 23:42:30,10.770000000000001,2.639999999999999,2.3000000000000007
1969-11-23 23:44:30,10.39,2.75,2.2600000000000016
1969-11-23 23:45:30,10.690000000000001,2.789999999999999,2.120000000000001
1969-11-23 23:46:30,10.74,2.8100000000000005,2.1799999999999997
1969-11-23 23:47:30,10.790000000000001,2.879999999999999,2.080000000000002
1969-11-23 23:48:30,10.73,2.9000000000000004,2.1700000000000017
1969-11-23 23:49:30,10.770000000000001,3.0199999999999996,2.2600000000000016
1969-11-23 23:50:30,10.770000000000001,3.129999999999999,2.4299999999999997
1969-11-23 23:51:30,10.780000000000001,3.459999999999999,2.4499999999999993
1969-11-23 23:52:30,10.620000000000001,3.299999999999999,2.8900000000000006
1969-11-23 23:53:30,10.63,3.3200000000000003,3.3100000000000023
1969-11-23 23:54:30,10.760000000000002,3.299999999999999,3.2699999999999996
1969-11-23 23:55:30,10.73,3.0999999999999996,3.080000000000002
1969-11-23 23:56:30,10.84,2.8499999999999996,2.9800000000000004
1969-11-23 23:57:30,10.9,2.7699999999999996,2.6999999999999993
1969-11-23 23:58:30,10.82,2.74,3.150000000000002
1969-11-23 23:59:30,10.9,3.17,3.120000000000001
1969-11-24 00:00:30,10.860000000000001,3.25,2.830000000000002
1969-11-24 00:01:30,10.780000000000001,3.08,2.7200000000000024
1969-11-24 00:02:30,10.790000000000001,2.83,2.6799999999999997
1969-11-24 00:03:30,10.870000000000001,3.119999999999999,2.9299999999999997
1969-11-24 00:04:30,10.74,3.08,3.289999999999999
1969-11-24 00:05:30,10.73,2.889999999999999,3.4700000000000024
1969-11-24 00:06:30,10.74,2.959999999999999,3.5600000000000023
1969-11-24 00:07:30,10.700000000000001,2.969999999999999,3.7600000000000016
1969-11-24 00:08:30,10.600000000000001,3.0,3.7600000000000016
1969-11-24 00:09:30,10.49,3.049999999999999,3.7699999999999996
1969-11-24 00:10:30,10.42,3.129999999999999,3.789999999999999
1969-11-24 00:11:30,10.32,3.0700000000000003,3.7200000000000024
1969-11-24 00:12:30,10.33,2.8599999999999994,3.66
1969-11-24 00:13:30,10.450000000000001,2.7699999999999996,3.5700000000000003
1969-11-24 00:14:30,10.450000000000001,2.8499999999999996,3.5199999999999996
1969-11-24 00:15:30,10.5,2.889999999999999,3.2300000000000004
1969-11-24 00:16:30,10.74,2.799999999999999,2.7300000000000004
1969-11-24 00:17:30,10.84,2.8599999999999994,2.289999999999999
1969-11-24 00:18:30,10.860000000000001,2.9499999999999993,2.1000000000000014
1969-11-24 00:19:30,11.010000000000002,2.8499999999999996,1.9000000000000021
1969-11-24 00:20:30,11.040000000000001,2.789999999999999,1.9100000000000001
1969-11-24 00:21:30,11.030000000000001,2.75,2.1700000000000017
1969-11-24 00:22:30,11.030000000000001,2.8599999999999994,2.5100000000000016
1969-11-24 00:23:30,10.98,2.969999999999999,2.7300000000000004
1969-11-24 00:24:30,10.950000000000001,2.9800000000000004,2.6999999999999993
1969-11-24 00:25:30,10.940000000000001,2.99,2.6700000000000017
1969-11-24 00:26:30,10.9,3.09,2.6900000000000013
1969-11-24 00:27:30,10.870000000000001,3.26,2.6799999999999997
1969-11-24 00:28:30,10.96,3.3100000000000005,2.789999999999999
1969-11-24 00:29:30,10.99,3.4399999999999995,2.75
1969-11-24 00:30:30,11.030000000000001,3.49,2.530000000000001
1969-11-24 00:31:30,11.020000000000001,3.5299999999999994,2.379999999999999
1969-11-24 00:32:30,10.96,3.6500000000000004,2.400000000000002
1969-11-24 00:33:30,10.91,3.5600000000000005,2.460000000000001
1969-11-24 00:34:30,10.92,3.4399999999999995,2.2300000000000004
1969-11-24 00:35:30,11.020000000000001,3.4000000000000004,1.7100000000000009
1969-11-24 00:36:30,11.05,3.369999999999999,1.3300000000000018
1969-11-24 00:37:30,10.870000000000001,3.219999999999999,1.4499999999999993
1969-11-24 00:38:30,10.700000000000001,2.8499999999999996,2.16
1969-11-24 00:39:30,10.950000000000001,2.799999999999999,2.330000000000002
1969-11-24 00:40:30,11.040000000000001,3.049999999999999,1.6099999999999994
1969-11-24 00:41:30,10.99,3.09,1.5199999999999996
1969-11-24 00:42:30,10.9,3.42,1.8200000000000003
1969-11-24 00:43:30,10.940000000000001,3.34,1.4200000000000017
1969-11-24 00:44:30,11.08,3.139999999999999,1.6099999999999994
1969-11-24 00:45:30,11.120000000000001,3.1500000000000004,1.9299999999999997
1969-11-24 00:46:30,11.290000000000001,3.049999999999999,1.3300000000000018
1969-11-24 00:47:30,11.350000000000001,3.25,1.1700000000000017
1969-11-24 00:48:30,11.280000000000001,3.0999999999999996,1.7699999999999996
1969-11-24 00:49:30,11.31,3.16,1.990000000000002
1969-11-24 00:50:30,11.33,2.91,2.789999999999999
1969-11-24 00:51:30,11.33,2.9399999999999995,3.030000000000001
1969-11-24 00:52:30,11.33,3.0600000000000005,3.1000000000000014
1969-11-24 00:53:30,11.260000000000002,3.389999999999999,3.2200000000000024
1969-11-24 00:54:30,11.24,3.49,3.2300000000000004
1969-11-24 00:55:30,11.21,3.5299999999999994,3.1700000000000017
1969-11-24 00:56:30,11.110000000000001,3.5700000000000003,3.2300000000000004
1969-11-24 00:57:30,11.010000000000002,3.5700000000000003,3.1099999999999994
1969-11-24 00:58:30,11.15,3.5700000000000003,2.870000000000001
1969-11-24 00:59:30,11.23,3.4499999999999993,2.6999999999999993
1969-11-24 01:00:30,11.4,3.4399999999999995,2.5700000000000003
1969-11-24 01:01:30,11.71,3.4399999999999995,2.25
1969-11-24 01:02:30,11.780000000000001,3.49,2.1000000000000014
1969-11-24 01:04:30,11.17,3.99,1.6799999999999997
1969-11-24 01:05:30,11.14,4.02,1.6999999999999993
1969-11-24 01:06:30,11.31,4.1,1.8399999999999999
1969-11-24 01:07:30,11.260000000000002,3.99,2.0199999999999996
1969-11-24 01:08:30,11.260000000000002,4.299999999999999,1.7100000000000009
1969-11-24 01:09:30,11.25,4.249999999999998,1.5700000000000003
1969-11-24 01:10:30,11.38,4.200000000000001,1.4600000000000009
1969-11-24 01:11:30,11.42,4.589999999999998,1.2800000000000011
1969-11-24 01:12:30,11.270000000000001,4.839999999999998,1.2100000000000009
1969-11-24 01:13:30,11.190000000000001,4.92,0.9800000000000004
1969-11-24 01:14:30,10.82,4.409999999999998,1.4100000000000001
1969-11-24 01:15:30,10.72,3.9399999999999995,1.740000000000002
1969-11-24 01:16:30,10.870000000000001,3.869999999999999,2.1799999999999997
1969-11-24 01:17:30,11.180000000000001,4.4399999999999995,2.2200000000000024
1969-11-24 01:18:30,11.280000000000001,4.610000000000001,2.34
1969-11-24 01:19:30,11.350000000000001,4.970000000000001,2.0600000000000023
1969-11-24 01:20:30,11.23,4.459999999999999,2.370000000000001
1969-11-24 01:21:30,11.33,4.279999999999999,2.3200000000000003
1969-11-24 01:22:30,11.510000000000002,4.58,1.8399999999999999
1969-11-24 01:23:30,11.510000000000002,4.67,1.6900000000000013
1969-11-24 01:24:30,11.56,4.92,1.5399999999999991
1969-11-24 01:25:30,11.49,5.020000000000001,1.4000000000000021
1969-11-24 01:26:30,11.5,5.1899999999999995,1.3200000000000003
1969-11-24 01:27:30,11.510000000000002,5.24,1.5
1969-11-24 01:28:30,11.57,5.1899999999999995,1.4499999999999993
1969-11-24 01:29:30,11.58,5.159999999999998,1.4000000000000021
1969-11-24 01:30:30,11.610000000000001,5.029999999999999,1.490000000000002
1969-11-24 01:31:30,11.64,4.909999999999998,1.5600000000000023
1969-11-24 01:32:30,11.690000000000001,5.049999999999999,1.4400000000000013
1969-11-24 01:33:30,11.72,5.209999999999999,1.120000000000001
1969-11-24 01:34:30,11.56,5.110000000000001,1.3300000000000018
1969-11-24 01:35:30,11.610000000000001,5.35,1.4200000000000017
1969-11-24 01:36:30,11.5,5.17,1.3599999999999994
1969-11-24 01:37:30,11.72,5.220000000000001,1.4800000000000004
1969-11-24 01:38:30,11.67,5.270000000000001,1.4000000000000021
1969-11-24 01:39:30,11.67,5.229999999999999,1.4000000000000021
1969-11-24 01:40:30,11.65,5.249999999999998,1.2800000000000011
1969-11-24 01:41:30,11.57,5.270000000000001,1.2100000000000009
1969-11-24 01:42:30,11.59,5.26,1.240000000000002
1969-11-24 01:43:30,11.56,5.15,1.3200000000000003
1969-11-24 01:44:30,11.600000000000001,5.119999999999999,1.379999999999999
1969-11-24 01:45:30,11.600000000000001,5.0600000000000005,1.4600000000000009
1969-11-24 01:46:30,11.600000000000001,4.889999999999999,1.6099999999999994
1969-11-24 01:47:30,11.59,4.770000000000001,1.9299999999999997
1969-11-24 01:48:30,11.540000000000001,4.74,1.9800000000000004
1969-11-24 01:49:30,11.610000000000001,4.799999999999999,1.8500000000000014
1969-11-24 01:50:30,11.450000000000001,4.790000000000001,1.9499999999999993
1969-11-24 01:51:30,11.33,4.85,2.030000000000001
1969-11-24 01:52:30,11.34,5.040000000000001,1.9000000000000021
1969-11-24 01:53:30,11.270000000000001,5.159999999999998,1.8399999999999999
1969-11-24 01:54:30,11.280000000000001,5.1899999999999995,1.8000000000000007
1969-11-24 01:55:30,11.24,5.389999999999999,1.740000000000002
1969-11-24 01:56:30,11.13,5.549999999999999,1.629999999999999
1969-11-24 01:57:30,11.08,5.67,1.5500000000000007
1969-11-24 01:58:30,11.08,5.700000000000001,1.4700000000000024
1969-11-24 01:59:30,11.13,5.639999999999999,1.379999999999999
1969-11-24 02:00:30,11.15,5.6,1.1900000000000013
1969-11-24 02:01:30,11.190000000000001,5.499999999999998,1.2300000000000004
1969-11-24 02:02:30,11.200000000000001,5.429999999999998,1.0399999999999991
1969-11-24 02:03:30,11.25,5.299999999999999,1.0100000000000016
1969-11-24 02:04:30,11.39,5.24,1.0300000000000011
1969-11-24 02:05:30,11.510000000000002,5.209999999999999,1.0300000000000011
1969-11-24 02:06:30,11.58,5.110000000000001,1.0500000000000007
1969-11-24 02:07:30,11.760000000000002,5.209999999999999,0.629999999999999
1969-11-24 02:08:30,11.65,5.429999999999998,0.6700000000000017
1969-11-24 02:09:30,11.64,5.65,1.1600000000000001
1969-11-24 02:10:30,11.55,5.6,1.1600000000000001
1969-11-24 02:11:30,11.46,5.529999999999999,1.0500000000000007
1969-11-24 02:12:30,11.450000000000001,5.369999999999999,0.7699999999999996
1969-11-24 02:13:30,11.33,5.130000000000001,0.6799999999999997
1969-11-24 02:14:30,11.14,5.110000000000001,0.879999999999999
1969-11-24 02:15:30,11.020000000000001,5.130000000000001,1.5399999999999991
1969-11-24 02:16:30,11.07,5.15,0.5700000000000003
1969-11-24 02:17:30,10.98,4.74,1.1099999999999994
1969-11-24 02:18:30,11.180000000000001,4.720000000000001,1.2899999999999991
1969-11-24 02:19:30,11.3,4.659999999999998,1.3100000000000023
1969-11-24 02:20:30,11.25,4.5699999999999985,1.3900000000000006
1969-11-24 02:21:30,11.200000000000001,4.389999999999999,1.4400000000000013
1969-11-24 02:22:30,11.22,4.470000000000001,0.8900000000000006
1969-11-24 02:23:30,11.110000000000001,4.380000000000001,0.7100000000000009
1969-11-24 02:24:30,11.120000000000001,4.639999999999999,0.8500000000000014
1969-11-24 02:25:30,11.120000000000001,4.6899999999999995,0.9800000000000004
1969-11-24 02:26:30,11.110000000000001,4.5699999999999985,1.3599999999999994
1969-11-24 02:27:30,11.200000000000001,4.5600000000000005,1.5399999999999991
1969-11-24 02:28:30,11.110000000000001,4.360000000000001,1.870000000000001
1969-11-24 02:29:30,11.010000000000002,4.279999999999999,1.9800000000000004
1969-11-24 02:30:30,10.860000000000001,4.619999999999999,1.9700000000000024
1969-11-24 02:31:30,10.63,4.35,2.7699999999999996
1969-11-24 02:32:30,10.46,4.209999999999999,3.3200000000000003
1969-11-24 02:33:30,10.41,4.270000000000001,2.5700000000000003
1969-11-24 02:34:30,10.100000000000001,4.679999999999998,1.9700000000000024
1969-11-24 02:35:30,9.490000000000002,4.209999999999999,1.1400000000000006
1969-11-24 02:36:30,8.900000000000002,3.16,1.370000000000001
1969-11-24 02:37:30,9.060000000000002,3.0,1.0199999999999996
1969-11-24 02:38:30,9.02,2.99,1.4100000000000001
1969-11-24 02:39:30,9.55,3.889999999999999,0.8500000000000014
1969-11-24 02:40:30,9.740000000000002,4.0600000000000005,0.9000000000000021
1969-11-24 02:41:30,9.9,4.540000000000001,0.9700000000000024
1969-11-24 02:42:30,9.92,4.679999999999998,1.0800000000000018
1969-11-24 02:43:30,10.020000000000001,4.770000000000001,1.0100000000000016
1969-11-24 02:44:30,10.23,4.9399999999999995,0.8300000000000018
1969-11-24 02:45:30,10.24,4.659999999999998,0.9400000000000013
1969-11-24 02:46:30,10.14,4.360000000000001,1.1099999999999994
1969-11-24 02:47:30,10.190000000000001,4.380000000000001,0.7800000000000011
1969-11-24 02:48:30,10.17,4.24,0.7100000000000009
1969-11-24 02:49:30,10.21,4.17,0.8200000000000003
1969-11-24 02:50:30,10.15,4.179999999999998,1.0500000000000007
1969-11-24 02:51:30,10.14,4.33,0.8399999999999999
1969-11-24 02:52:30,10.030000000000001,4.35,0.5199999999999996
1969-11-24 02:53:30,9.99,3.9800000000000004,0.8300000000000018
1969-11-24 02:54:30,10.07,4.01,0.8599999999999994
1969-11-24 02:55:30,10.020000000000001,3.969999999999999,0.8300000000000018
1969-11-24 02:56:30,10.010000000000002,4.0,0.8599999999999994
1969-11-24 02:57:30,10.0,3.8599999999999994,1.0100000000000016
1969-11-24 02:58:30,10.100000000000001,4.15,0.9200000000000017
1969-11-24 02:59:30,9.99,4.159999999999998,1.25
1969-11-24 03:00:30,9.940000000000001,4.09,1.2899999999999991
1969-11-24 03:01:30,10.09,4.17,0.7899999999999991
1969-11-24 03:02:30,10.13,3.99,0.3500000000000014
1969-11-24 03:03:30,10.120000000000001,4.110000000000001,0.5399999999999991
1969-11-24 03:04:30,9.91,3.969999999999999,0.7800000000000011
1969-11-24 03:05:30,10.010000000000002,3.92,0.9600000000000009
1969-11-24 03:06:30,9.9,3.8499999999999996,0.8900000000000006
1969-11-24 03:07:30,9.860000000000001,3.789999999999999,1.0600000000000023
1969-11-24 03:08:30,9.9,3.84,1.0
1969-11-24 03:09:30,9.96,3.8499999999999996,0.8599999999999994
1969-11-24 03:10:30,9.98,4.0,0.740000000000002
1969-11-24 03:11:30,9.88,3.969999999999999,0.6600000000000001
1969-11-24 03:12:30,9.860000000000001,4.029999999999999,0.6500000000000021
1969-11-24 03:13:30,9.8,3.84,0.8300000000000018
1969-11-24 03:14:30,9.73,3.84,0.6400000000000006
1969-11-24 03:15:30,9.88,3.959999999999999,0.7100000000000009
1969-11-24 03:16:30,9.930000000000001,3.959999999999999,0.740000000000002
1969-11-24 03:17:30,9.89,4.039999999999999,0.8300000000000018
1969-11-24 03:18:30,9.860000000000001,3.9000000000000004,1.1099999999999994
1969-11-24 03:19:30,9.81,3.799999999999999,1.2699999999999996
1969-11-24 03:20:30,9.690000000000001,3.6500000000000004,1.4400000000000013
1969-11-24 03:21:30,9.530000000000001,3.5,1.2600000000000016
1969-11-24 03:22:30,9.420000000000002,3.049999999999999,1.1500000000000021
1969-11-24 03:23:30,9.420000000000002,3.039999999999999,1.0
1969-11-24 03:24:30,9.510000000000002,3.209999999999999,1.1000000000000014
1969-11-24 03:25:30,9.600000000000001,3.33,1.3100000000000023
1969-11-24 03:26:30,9.580000000000002,3.299999999999999,1.2699999999999996
1969-11-24 03:27:30,9.55,3.33,1.2600000000000016
1969-11-24 03:28:30,9.490000000000002,3.34,1.2899999999999991
1969-11-24 03:29:30,9.490000000000002,3.1799999999999997,1.2100000000000009
1969-11-24 03:30:30,9.55,3.3599999999999994,0.9499999999999993
1969-11-24 03:31:30,9.48,3.389999999999999,0.7300000000000004
1969-11-24 03:32:30,9.55,3.3599999999999994,0.8100000000000023
1969-11-24 03:33:30,9.57,3.42,0.8500000000000014
1969-11-24 03:34:30,9.57,3.369999999999999,1.2200000000000024
1969-11-24 03:35:30,9.5,3.219999999999999,1.5100000000000016
1969-11-24 03:36:30,9.32,2.6999999999999993,1.6600000000000001
1969-11-24 03:37:30,9.57,2.5,1.5199999999999996
1969-11-24 03:38:30,9.560000000000002,2.869999999999999,1.3399999999999999
1969-11-24 03:39:30,9.470000000000002,2.869999999999999,1.4400000000000013
1969-11-24 03:40:30,9.23,2.7799999999999994,1.5100000000000016
1969-11-24 03:41:30,9.170000000000002,2.7300000000000004,1.4100000000000001
1969-11-24 03:42:30,9.2,2.6999999999999993,1.240000000000002
1969-11-24 03:43:30,9.2,2.6999999999999993,1.240000000000002
1969-11-24 03:44:30,9.260000000000002,2.639999999999999,1.1000000000000014
1969-11-24 03:45:30,9.29,2.5,1.129999999999999
1969-11-24 03:46:30,9.25,2.58,1.25
1969-11-24 03:47:30,9.170000000000002,2.539999999999999,1.1900000000000013
1969-11-24 03:48:30,9.18,2.51,1.0199999999999996
1969-11-24 03:49:30,9.16,2.6899999999999995,0.9100000000000001
1969-11-24 03:50:30,9.129999999999999,2.7300000000000004,0.8500000000000014
1969-11-24 03:51:30,9.080000000000002,2.8200000000000003,0.6400000000000006
1969-11-24 03:52:30,9.0,2.6799999999999997,0.5899999999999999
1969-11-24 03:53:30,9.030000000000001,2.8499999999999996,0.6799999999999997
1969-11-24 03:54:30,8.940000000000001,2.7799999999999994,0.620000000000001
1969-11-24 03:55:30,8.98,2.91,0.6000000000000014
1969-11-24 03:56:30,9.010000000000002,2.9800000000000004,0.5899999999999999
1969-11-24 03:57:30,9.100000000000001,3.0999999999999996,0.5899999999999999
1969-11-24 03:58:30,9.060000000000002,3.1099999999999994,0.5600000000000023
1969-11-24 03:59:30,9.16,3.129999999999999,0.6999999999999993
1969-11-24 04:00:30,9.100000000000001,3.139999999999999,0.6500000000000021
1969-11-24 04:01:30,8.870000000000001,2.9299999999999997,0.4700000000000024
1969-11-24 04:02:30,8.91,2.74,0.6400000000000006
1969-11-24 04:03:30,9.05,3.01,1.0
1969-11-24 04:04:30,9.05,3.1799999999999997,0.9100000000000001
1969-11-24 04:05:30,9.02,3.0999999999999996,0.379999999999999
1969-11-24 04:06:30,9.05,3.08,0.19000000000000128
1969-11-24 04:07:30,9.030000000000001,3.01,0.23000000000000043
1969-11-24 04:08:30,9.05,2.959999999999999,0.490000000000002
1969-11-24 04:09:30,9.010000000000002,2.969999999999999,0.6000000000000014
1969-11-24 04:10:30,8.850000000000001,2.709999999999999,0.46000000000000085
1969-11-24 04:11:30,8.82,2.67,0.490000000000002
1969-11-24 04:12:30,8.86,2.709999999999999,0.1999999999999993
1969-11-24 04:13:30,8.760000000000002,3.039999999999999,0.17999999999999972
1969-11-24 04:14:30,8.7,2.719999999999999,0.4400000000000013
1969-11-24 04:15:30,8.850000000000001,2.8200000000000003,-0.16000000000000014
1969-11-24 04:16:30,8.940000000000001,2.8100000000000005,-0.1999999999999993
1969-11-24 04:17:30,8.940000000000001,2.74,0.2699999999999996
1969-11-24 04:18:30,8.95,2.92,0.5899999999999999
1969-11-24 04:19:30,8.75,2.639999999999999,0.5700000000000003
1969-11-24 04:20:30,8.8,2.6899999999999995,0.6900000000000013
1969-11-24 04:21:30,8.870000000000001,2.8200000000000003,0.6000000000000014
1969-11-24 04:22:30,8.920000000000002,2.76,0.6700000000000017
1969-11-24 04:23:30,8.96,3.039999999999999,0.39000000000000057
1969-11-24 04:24:30,8.970000000000002,3.1099999999999994,0.4499999999999993
1969-11-24 04:25:30,9.010000000000002,3.129999999999999,0.5899999999999999
1969-11-24 04:26:30,8.850000000000001,2.9800000000000004,0.9400000000000013
1969-11-24 04:27:30,8.93,2.7300000000000004,0.9499999999999993
1969-11-24 04:28:30,8.870000000000001,2.5999999999999996,0.8399999999999999
1969-11-24 04:29:30,8.870000000000001,2.6799999999999997,0.6900000000000013
1969-11-24 04:30:30,8.8,2.74,0.5800000000000018
1969-11-24 04:31:30,8.73,2.619999999999999,0.5899999999999999
1969-11-24 04:32:30,8.79,2.619999999999999,0.6400000000000006
1969-11-24 04:33:30,8.810000000000002,2.3499999999999996,0.8100000000000023
1969-11-24 04:34:30,8.850000000000001,2.4299999999999997,0.7300000000000004
1969-11-24 04:35:30,8.720000000000002,2.16,0.8599999999999994
1969-11-24 04:36:30,8.59,2.17,0.8000000000000007
1969-11-24 04:37:30,8.650000000000002,2.2300000000000004,0.8100000000000023
1969-11-24 04:38:30,8.690000000000001,2.5199999999999996,0.7699999999999996
1969-11-24 04:39:30,8.5,2.2799999999999994,1.1500000000000021
1969-11-24 04:40:30,8.470000000000002,2.4399999999999995,1.0100000000000016
1969-11-24 04:41:30,8.600000000000001,2.6500000000000004,0.5600000000000023
1969-11-24 04:42:30,8.66,2.629999999999999,0.5199999999999996
1969-11-24 04:43:30,8.68,2.6099999999999994,0.3200000000000003
1969-11-24 04:44:30,8.73,2.639999999999999,0.4400000000000013
1969-11-24 04:45:30,8.75,2.59,0.6000000000000014
1969-11-24 04:46:30,8.870000000000001,2.5600000000000005,0.740000000000002
1969-11-24 04:47:30,8.84,2.6099999999999994,0.6900000000000013
1969-11-24 04:48:30,8.940000000000001,2.6999999999999993,0.7600000000000016
1969-11-24 04:49:30,8.91,2.74,0.8200000000000003
1969-11-24 04:50:30,8.91,2.9000000000000004,0.7200000000000024
1969-11-24 04:51:30,9.030000000000001,2.99,0.6000000000000014
1969-11-24 04:52:30,9.030000000000001,3.129999999999999,0.5700000000000003
1969-11-24 04:53:30,9.010000000000002,3.0700000000000003,0.7100000000000009
1969-11-24 04:54:30,8.98,2.99,0.9000000000000021
1969-11-24 04:55:30,9.04,2.91,0.9700000000000024
1969-11-24 04:56:30,8.98,2.84,0.9800000000000004
1969-11-24 04:57:30,9.09,2.639999999999999,0.9700000000000024
1969-11-24 04:58:30,9.16,2.4499999999999993,1.0500000000000007
1969-11-24 04:59:30,9.11,2.2300000000000004,1.1000000000000014
1969-11-24 05:00:30,9.05,2.209999999999999,1.0399999999999991
1969-11-24 05:01:30,9.05,2.34,0.9000000000000021
1969-11-24 05:02:30,8.95,2.26,0.9800000000000004
1969-11-24 05:03:30,8.95,2.1999999999999993,0.7699999999999996
1969-11-24 05:04:30,9.010000000000002,2.459999999999999,0.8399999999999999
1969-11-24 05:05:30,8.830000000000002,2.209999999999999,0.7300000000000004
1969-11-24 05:06:30,8.830000000000002,1.9399999999999995,0.5500000000000007
1969-11-24 05:07:30,8.89,1.879999999999999,0.10999999999999943
1969-11-24 05:08:30,8.780000000000001,2.0600000000000005,0.5500000000000007
1969-11-24 05:09:30,8.760000000000002,1.9299999999999997,0.8000000000000007
1969-11-24 05:10:30,8.79,2.0,0.9499999999999993
1969-11-24 05:11:30,8.850000000000001,2.09,0.9400000000000013
1969-11-24 05:12:30,8.8,2.24,0.8100000000000023
1969-11-24 05:13:30,8.86,2.2799999999999994,0.7200000000000024
1969-11-24 05:14:30,8.82,2.4800000000000004,0.6900000000000013
1969-11-24 05:15:30,8.920000000000002,2.49,0.8000000000000007
1969-11-24 05:16:30,9.030000000000001,2.49,0.9000000000000021
1969-11-24 05:17:30,8.900000000000002,2.0999999999999996,0.9600000000000009
1969-11-24 05:18:30,9.0,2.0700000000000003,0.9800000000000004
1969-11-24 05:19:30,9.030000000000001,2.1099999999999994,1.129999999999999
1969-11-24 05:20:30,9.02,2.1099999999999994,1.0800000000000018
1969-11-24 05:21:30,9.030000000000001,2.17,1.1000000000000014
1969-11-24 05:22:30,9.030000000000001,2.1799999999999997,1.1000000000000014
1969-11-24 05:23:30,9.080000000000002,2.24,1.2699999999999996
1969-11-24 05:24:30,9.060000000000002,2.34,1.2800000000000011
1969-11-24 05:25:30,9.09,2.33,1.1900000000000013
1969-11-24 05:26:30,9.07,2.289999999999999,1.3100000000000023
1969-11-24 05:27:30,9.0,2.25,1.1000000000000014
1969-11-24 05:28:30,9.080000000000002,2.2799999999999994,1.1000000000000014
1969-11-24 05:29:30,9.010000000000002,2.3599999999999994,0.9700000000000024
1969-11-24 05:30:30,9.060000000000002,2.4800000000000004,0.9400000000000013
1969-11-24 05:31:30,9.120000000000001,2.629999999999999,0.8900000000000006
1969-11-24 05:32:30,9.100000000000001,2.799999999999999,0.7300000000000004
1969-11-24 05:33:30,9.129999999999999,2.889999999999999,0.5899999999999999
1969-11-24 05:34:30,9.170000000000002,2.9000000000000004,0.490000000000002
1969-11-24 05:35:30,9.240000000000002,3.0199999999999996,0.4700000000000024
1969-11-24 05:36:30,9.170000000000002,3.0700000000000003,0.5800000000000018
1969-11-24 05:37:30,9.2,2.9299999999999997,0.7600000000000016
1969-11-24 05:38:30,9.3,2.99,0.7600000000000016
1969-11-24 05:39:30,9.330000000000002,2.8499999999999996,0.9499999999999993
1969-11-24 05:40:30,9.170000000000002,2.8200000000000003,0.8200000000000003
1969-11-24 05:41:30,9.060000000000002,2.66,0.7200000000000024
1969-11-24 05:42:30,9.129999999999999,2.5700000000000003,0.7100000000000009
1969-11-24 05:43:30,9.100000000000001,2.41,0.9600000000000009
1969-11-24 05:44:30,9.100000000000001,2.34,1.0300000000000011
1969-11-24 05:45:30,9.120000000000001,2.5,0.9800000000000004
1969-11-24 05:46:30,9.02,2.459999999999999,0.9200000000000017
1969-11-24 05:47:30,9.02,2.41,0.9100000000000001
1969-11-24 05:48:30,9.02,2.4000000000000004,0.9600000000000009
1969-11-24 05:49:30,9.030000000000001,2.629999999999999,1.0100000000000016
1969-11-24 05:50:30,8.91,2.7699999999999996,1.0100000000000016
1969-11-24 05:51:30,8.8,2.789999999999999,1.1000000000000014
1969-11-24 05:52:30,8.780000000000001,2.84,1.120000000000001
1969-11-24 05:53:30,8.760000000000002,2.83,1.0399999999999991
1969-11-24 05:54:30,8.71,2.6999999999999993,0.9600000000000009
1969-11-24 05:55:30,8.780000000000001,2.709999999999999,0.7800000000000011
1969-11-24 05:56:30,8.620000000000001,2.619999999999999,0.740000000000002
1969-11-24 05:57:30,8.490000000000002,2.709999999999999,0.629999999999999
1969-11-24 05:58:30,8.530000000000001,2.7300000000000004,0.4299999999999997
1969-11-24 05:59:30,8.530000000000001,2.75,0.5600000000000023
1969-11-24 06:00:30,8.580000000000002,2.539999999999999,0.620000000000001
1969-11-24 06:01:30,8.629999999999999,2.4499999999999993,0.6099999999999994
1969-11-24 06:02:30,8.75,2.3499999999999996,0.7800000000000011
1969-11-24 06:03:30,8.810000000000002,2.459999999999999,1.0199999999999996
1969-11-24 06:04:30,8.870000000000001,2.2799999999999994,1.3300000000000018
1969-11-24 06:05:30,8.940000000000001,2.2699999999999996,1.1700000000000017
1969-11-24 06:06:30,9.0,2.42,1.0800000000000018
1969-11-24 06:07:30,8.93,2.4299999999999997,1.0600000000000023
1969-11-24 06:08:30,8.95,2.3499999999999996,1.1999999999999993
1969-11-24 06:09:30,8.900000000000002,2.299999999999999,1.1799999999999997
1969-11-24 06:10:30,8.970000000000002,2.389999999999999,1.1999999999999993
1969-11-24 06:11:30,9.0,2.3200000000000003,0.990000000000002
1969-11-24 06:12:30,8.95,2.49,1.3300000000000018
1969-11-24 06:13:30,8.870000000000001,2.539999999999999,1.3399999999999999
1969-11-24 06:14:30,8.84,2.49,1.490000000000002
1969-11-24 06:15:30,8.690000000000001,2.66,1.8100000000000023
1969-11-24 06:16:30,8.68,2.459999999999999,1.8399999999999999
1969-11-24 06:17:30,8.720000000000002,2.67,1.5199999999999996
1969-11-24 06:18:30,8.600000000000001,2.4299999999999997,1.5399999999999991
1969-11-24 06:19:30,8.61,2.74,1.5399999999999991
1969-11-24 06:20:30,8.68,2.619999999999999,0.9200000000000017
1969-11-24 06:21:30,8.629999999999999,2.5,1.2899999999999991
1969-11-24 06:22:30,8.66,2.5199999999999996,1.4200000000000017
1969-11-24 06:23:30,8.64,2.4299999999999997,1.6999999999999993
1969-11-24 06:24:30,8.77,2.5700000000000003,1.1700000000000017
1969-11-24 06:25:30,8.830000000000002,2.75,1.3200000000000003
1969-11-24 06:26:30,8.89,2.6799999999999997,1.5
1969-11-24 06:27:30,8.96,2.8100000000000005,1.2800000000000011
1969-11-24 06:28:30,8.990000000000002,2.789999999999999,1.2100000000000009
1969-11-24 06:29:30,8.91,3.139999999999999,1.240000000000002
1969-11-24 06:30:30,8.48,2.6999999999999993,1.7100000000000009
1969-11-24 06:31:30,8.560000000000002,2.6799999999999997,1.3900000000000006
1969-11-24 06:32:30,8.600000000000001,2.539999999999999,1.7600000000000016
1969-11-24 06:33:30,8.879999999999999,2.42,1.4200000000000017
1969-11-24 06:34:30,8.98,2.83,1.3399999999999999
1969-11-24 06:35:30,9.010000000000002,2.6899999999999995,1.3200000000000003
1969-11-24 06:36:30,9.010000000000002,2.66,1.1400000000000006
1969-11-24 06:37:30,8.96,2.42,1.0800000000000018
1969-11-24 06:38:30,9.010000000000002,2.33,1.1999999999999993
1969-11-24 06:39:30,8.89,2.42,1.3100000000000023
1969-11-24 06:40:30,8.84,2.4800000000000004,1.2699999999999996
1969-11-24 06:41:30,8.82,2.459999999999999,1.0199999999999996
1969-11-24 06:42:30,8.79,2.3599999999999994,0.9800000000000004
1969-11-24 06:43:30,8.84,2.4800000000000004,0.9200000000000017
1969-11-24 06:44:30,8.79,2.5199999999999996,0.9000000000000021
1969-11-24 06:45:30,8.79,2.3599999999999994,0.870000000000001
1969-11-24 06:46:30,8.940000000000001,2.5199999999999996,0.9000000000000021
1969-11-24 06:47:30,8.990000000000002,2.74,0.7899999999999991
1969-11-24 06:48:30,9.0,2.789999999999999,0.7899999999999991
1969-11-24 06:49:30,9.060000000000002,2.8499999999999996,0.7899999999999991
1969-11-24 06:50:30,9.14,2.869999999999999,0.9299999999999997
1969-11-24 06:51:30,9.18,2.9000000000000004,0.8599999999999994
1969-11-24 06:52:30,9.150000000000002,2.789999999999999,0.9499999999999993
1969-11-24 06:53:30,9.100000000000001,2.67,0.9499999999999993
1969-11-24 06:54:30,9.129999999999999,2.5,1.0
1969-11-24 06:55:30,9.030000000000001,2.5199999999999996,0.9600000000000009
1969-11-24 06:56:30,8.990000000000002,2.619999999999999,0.8000000000000007
1969-11-24 06:57:30,8.970000000000002,2.6099999999999994,0.7800000000000011
1969-11-24 06:58:30,8.96,2.549999999999999,0.8000000000000007
1969-11-24 06:59:30,8.920000000000002,2.549999999999999,0.7200000000000024
1969-11-24 07:00:30,8.89,2.389999999999999,0.7300000000000004
1969-11-24 07:01:30,9.010000000000002,2.5199999999999996,0.6400000000000006
1969-11-24 07:02:30,9.030000000000001,2.58,0.4299999999999997
1969-11-24 07:03:30,8.96,2.539999999999999,0.620000000000001
1969-11-24 07:04:30,8.98,2.5600000000000005,0.46000000000000085
1969-11-24 07:05:30,8.940000000000001,2.5999999999999996,0.490000000000002
1969-11-24 07:06:30,8.970000000000002,2.7699999999999996,0.5399999999999991
1969-11-24 07:07:30,8.96,2.7799999999999994,0.6500000000000021
1969-11-24 07:08:30,8.920000000000002,2.59,0.7100000000000009
1969-11-24 07:09:30,8.990000000000002,2.629999999999999,0.7600000000000016
1969-11-24 07:10:30,9.100000000000001,2.629999999999999,0.8500000000000014
1969-11-24 07:11:30,9.129999999999999,2.67,0.8500000000000014
1969-11-24 07:12:30,9.220000000000002,2.51,0.9200000000000017
1969-11-24 07:13:30,9.260000000000002,2.42,0.9700000000000024
1969-11-24 07:14:30,9.16,2.3499999999999996,1.2100000000000009
1969-11-24 07:15:30,9.34,2.1799999999999997,1.3900000000000006
1969-11-24 07:16:30,9.379999999999999,2.1799999999999997,1.3900000000000006
1969-11-24 07:17:30,9.3,2.17,1.3900000000000006
1969-11-24 07:18:30,9.27,2.129999999999999,1.3399999999999999
1969-11-24 07:19:30,9.240000000000002,1.9900000000000002,1.5300000000000011
1969-11-24 07:20:30,9.120000000000001,2.039999999999999,2.120000000000001
1969-11-24 07:21:30,9.14,2.129999999999999,1.8599999999999994
1969-11-24 07:22:30,9.220000000000002,2.5199999999999996,1.2800000000000011
1969-11-24 07:23:30,9.16,2.5600000000000005,1.1999999999999993
1969-11-24 07:24:30,9.260000000000002,2.379999999999999,1.2300000000000004
1969-11-24 07:25:30,9.190000000000001,2.33,1.4700000000000024
1969-11-24 07:26:30,9.21,2.3599999999999994,1.5300000000000011
1969-11-24 07:27:30,9.3,2.4299999999999997,1.490000000000002
1969-11-24 07:28:30,9.2,2.3100000000000005,1.6500000000000021
1969-11-24 07:29:30,9.190000000000001,2.26,1.8900000000000006
1969-11-24 07:30:30,9.25,1.959999999999999,2.030000000000001
1969-11-24 07:31:30,9.34,2.119999999999999,1.9499999999999993
1969-11-24 07:32:30,9.34,2.1799999999999997,1.9600000000000009
1969-11-24 07:33:30,9.330000000000002,2.4499999999999993,1.740000000000002
1969-11-24 07:34:30,9.220000000000002,2.09,1.9800000000000004
1969-11-24 07:35:30,9.379999999999999,2.129999999999999,1.5800000000000018
1969-11-24 07:36:30,9.420000000000002,2.5,1.2100000000000009
1969-11-24 07:37:30,9.220000000000002,2.33,1.8000000000000007
1969-11-24 07:38:30,9.11,2.7799999999999994,2.4200000000000017
1969-11-24 07:39:30,9.07,1.629999999999999,2.3000000000000007
1969-11-24 07:40:30,9.52,2.49,1.4200000000000017
1969-11-24 07:41:30,9.580000000000002,2.74,1.1999999999999993
1969-11-24 07:42:30,9.64,2.9399999999999995,1.129999999999999
1969-11-24 07:43:30,9.61,2.9399999999999995,0.9100000000000001
1969-11-24 07:44:30,9.720000000000002,3.08,0.6700000000000017
1969-11-24 07:45:30,9.68,2.7799999999999994,0.9800000000000004
1969-11-24 07:46:30,9.860000000000001,2.6899999999999995,1.3599999999999994
1969-11-24 07:47:30,10.030000000000001,2.959999999999999,1.4200000000000017
1969-11-24 07:48:30,10.030000000000001,3.1799999999999997,1.2600000000000016
1969-11-24 07:49:30,10.030000000000001,3.209999999999999,0.9499999999999993
1969-11-24 07:50:30,10.040000000000001,3.1099999999999994,1.0899999999999999
1969-11-24 07:51:30,10.07,3.09,1.2600000000000016
1969-11-24 07:52:30,10.180000000000001,3.209999999999999,1.6000000000000014
1969-11-24 07:53:30,10.13,3.1500000000000004,1.629999999999999
1969-11-24 07:54:30,10.17,3.3100000000000005,1.3300000000000018
1969-11-24 07:55:30,10.100000000000001,3.25,1.3000000000000007
1969-11-24 07:56:30,10.14,3.209999999999999,1.379999999999999
1969-11-24 07:57:30,10.190000000000001,3.0199999999999996,1.5399999999999991
1969-11-24 07:58:30,10.16,2.879999999999999,1.5899999999999999
1969-11-24 07:59:30,10.17,2.879999999999999,1.5300000000000011
1969-11-24 08:00:30,10.190000000000001,3.049999999999999,1.4499999999999993
1969-11-24 08:01:30,10.24,3.16,1.4400000000000013
1969-11-24 08:02:30,10.22,3.039999999999999,1.5399999999999991
1969-11-24 08:03:30,10.260000000000002,2.9499999999999993,1.5899999999999999
1969-11-24 08:04:30,10.3,2.9000000000000004,1.5500000000000007
1969-11-24 08:05:30,10.270000000000001,2.7799999999999994,1.6900000000000013
1969-11-24 08:06:30,10.440000000000001,2.67,1.6900000000000013
1969-11-24 08:07:30,10.39,2.619999999999999,1.75
1969-11-24 08:08:30,10.370000000000001,2.58,1.9299999999999997
1969-11-24 08:09:30,10.3,2.58,1.879999999999999
1969-11-24 08:10:30,10.290000000000001,2.4399999999999995,1.9299999999999997
1969-11-24 08:11:30,10.3,2.51,1.7800000000000011
1969-11-24 08:12:30,10.21,2.549999999999999,1.7800000000000011
1969-11-24 08:13:30,10.09,2.629999999999999,1.6799999999999997
1969-11-24 08:14:30,9.98,2.459999999999999,1.6700000000000017
1969-11-24 08:15:30,10.09,2.6500000000000004,1.2899999999999991
1969-11-24 08:16:30,10.22,2.7699999999999996,1.129999999999999
1969-11-24 08:17:30,10.270000000000001,2.789999999999999,1.3300000000000018
1969-11-24 08:18:30,10.21,2.76,1.4499999999999993
1969-11-24 08:19:30,10.25,2.869999999999999,1.5
1969-11-24 08:20:30,10.25,2.6899999999999995,1.4299999999999997
1969-11-24 08:21:30,10.190000000000001,2.539999999999999,1.4600000000000009
1969-11-24 08:22:30,10.21,2.5600000000000005,1.8100000000000023
1969-11-24 08:23:30,10.270000000000001,2.3499999999999996,2.0500000000000007
1969-11-24 08:24:30,10.4,2.459999999999999,2.0700000000000003
1969-11-24 08:25:30,10.41,2.539999999999999,1.9100000000000001
1969-11-24 08:26:30,10.530000000000001,2.58,1.8900000000000006
1969-11-24 08:27:30,10.690000000000001,2.66,1.4800000000000004
1969-11-24 08:28:30,10.690000000000001,2.619999999999999,1.5700000000000003
1969-11-24 08:29:30,10.64,2.799999999999999,1.6600000000000001
1969-11-24 08:30:30,10.690000000000001,2.83,1.5
1969-11-24 08:31:30,10.73,2.629999999999999,1.5100000000000016
1969-11-24 08:32:30,10.66,2.8200000000000003,1.4299999999999997
1969-11-24 08:33:30,10.66,3.0299999999999994,1.25
1969-11-24 08:34:30,10.63,3.1899999999999995,0.9600000000000009
1969-11-24 08:35:30,10.58,3.379999999999999,0.9700000000000024
1969-11-24 08:36:30,10.4,3.4299999999999997,1.0700000000000003
1969-11-24 08:37:30,10.39,3.4800000000000004,0.990000000000002
1969-11-24 08:38:30,10.48,3.42,1.0600000000000023
1969-11-24 08:39:30,10.530000000000001,3.4399999999999995,1.2100000000000009
1969-11-24 08:40:30,10.5,3.629999999999999,1.1500000000000021
1969-11-24 08:41:30,10.49,3.5600000000000005,1.1000000000000014
1969-11-24 08:42:30,10.66,3.789999999999999,0.990000000000002
1969-11-24 08:43:30,10.57,3.789999999999999,1.0199999999999996
1969-11-24 08:44:30,10.67,3.7799999999999994,0.9700000000000024
1969-11-24 08:45:30,10.67,3.8100000000000005,1.2600000000000016
1969-11-24 08:46:30,10.700000000000001,3.719999999999999,1.4400000000000013
1969-11-24 08:47:30,10.71,3.6899999999999995,1.5600000000000023
1969-11-24 08:48:30,10.700000000000001,3.8200000000000003,1.5500000000000007
1969-11-24 08:49:30,10.540000000000001,3.6099999999999994,1.6999999999999993
1969-11-24 08:50:30,10.610000000000001,3.6500000000000004,1.5100000000000016
1969-11-24 08:51:30,10.63,3.4399999999999995,1.3599999999999994
1969-11-24 08:52:30,10.71,3.8100000000000005,1.2200000000000024
1969-11-24 08:53:30,10.59,3.75,1.3000000000000007
1969-11-24 08:54:30,10.58,3.869999999999999,1.4200000000000017
1969-11-24 08:55:30,10.610000000000001,3.8200000000000003,1.4000000000000021
1969-11-24 08:56:30,10.66,3.5299999999999994,1.4100000000000001
1969-11-24 08:57:30,10.89,3.629999999999999,0.879999999999999
1969-11-24 08:58:30,11.0,3.869999999999999,0.6400000000000006
1969-11-24 08:59:30,10.98,3.76,1.0199999999999996
1969-11-24 09:00:30,10.940000000000001,3.9000000000000004,1.1400000000000006
1969-11-24 09:01:30,11.020000000000001,3.92,1.2699999999999996
1969-11-24 09:02:30,11.16,4.039999999999999,1.1700000000000017
1969-11-24 09:03:30,11.15,4.02,1.2699999999999996
1969-11-24 09:04:30,11.23,3.8499999999999996,1.3300000000000018
1969-11-24 09:05:30,11.280000000000001,3.889999999999999,1.379999999999999
1969-11-24 09:06:30,11.3,3.99,1.4400000000000013
1969-11-24 09:07:30,11.440000000000001,4.24,1.4299999999999997
1969-11-24 09:08:30,11.59,4.3199999999999985,1.5300000000000011
1969-11-24 09:09:30,11.73,4.4399999999999995,1.490000000000002
1969-11-24 09:10:30,11.73,4.6,1.6799999999999997
1969-11-24 09:11:30,11.790000000000001,4.9,1.4800000000000004
1969-11-24 09:12:30,11.9,5.0600000000000005,1.2899999999999991
1969-11-24 09:13:30,11.91,5.139999999999999,0.990000000000002
1969-11-24 09:14:30,11.96,5.119999999999999,0.8599999999999994
1969-11-24 09:15:30,12.010000000000002,5.200000000000001,0.8900000000000006
1969-11-24 09:16:30,12.0,5.200000000000001,1.0199999999999996
1969-11-24 09:17:30,11.940000000000001,5.159999999999998,1.3599999999999994
1969-11-24 09:18:30,11.99,5.17,1.3300000000000018
1969-11-24 09:19:30,12.06,5.130000000000001,1.3599999999999994
1969-11-24 09:20:30,12.14,5.200000000000001,1.3200000000000003
1969-11-24 09:21:30,12.200000000000001,5.279999999999999,1.3500000000000014
1969-11-24 09:22:30,12.200000000000001,5.4399999999999995,1.4400000000000013
1969-11-24 09:23:30,12.23,5.5600000000000005,1.5399999999999991
1969-11-24 09:24:30,12.260000000000002,5.860000000000001,1.4299999999999997
1969-11-24 09:25:30,12.370000000000001,6.08,1.0300000000000011
1969-11-24 09:26:30,12.280000000000001,6.130000000000001,1.120000000000001
1969-11-24 09:27:30,12.200000000000001,6.209999999999999,1.0399999999999991
1969-11-24 09:28:30,12.110000000000001,6.299999999999999,0.8100000000000023
1969-11-24 09:29:30,11.98,6.459999999999999,0.6000000000000014
1969-11-24 09:30:30,11.860000000000001,6.220000000000001,0.5600000000000023
1969-11-24 09:31:30,11.71,6.15,0.5500000000000007
1969-11-24 09:32:30,11.63,6.049999999999999,0.46000000000000085
1969-11-24 09:33:30,11.620000000000001,5.85,0.4700000000000024
1969-11-24 09:34:30,11.600000000000001,5.729999999999999,0.6099999999999994
1969-11-24 09:35:30,11.610000000000001,5.709999999999999,0.5399999999999991
1969-11-24 09:36:30,11.71,5.610000000000001,0.740000000000002
1969-11-24 09:37:30,11.770000000000001,5.459999999999999,0.990000000000002
1969-11-24 09:38:30,11.9,5.369999999999999,1.0800000000000018
1969-11-24 09:39:30,11.9,5.24,1.0500000000000007
1969-11-24 09:40:30,11.89,5.029999999999999,1.1799999999999997
1969-11-24 09:41:30,11.950000000000001,4.979999999999999,1.1799999999999997
1969-11-24 09:42:30,12.0,4.959999999999999,1.0300000000000011
1969-11-24 09:43:30,12.08,4.8100000000000005,1.1099999999999994
1969-11-24 09:44:30,12.120000000000001,4.779999999999999,0.9700000000000024
1969-11-24 09:45:30,12.08,4.979999999999999,0.9000000000000021
1969-11-24 09:46:30,11.96,4.929999999999998,0.9000000000000021
1969-11-24 09:47:30,11.9,4.8199999999999985,1.0199999999999996
1969-11-24 09:48:30,11.82,4.749999999999998,1.1600000000000001
1969-11-24 09:49:30,11.74,4.749999999999998,1.3100000000000023
1969-11-24 09:50:30,11.58,4.709999999999999,1.2899999999999991
1969-11-24 09:51:30,11.49,4.58,1.1900000000000013
1969-11-24 09:52:30,11.41,4.380000000000001,1.1900000000000013
1969-11-24 09:53:30,11.33,4.249999999999998,1.2100000000000009
1969-11-24 09:54:30,11.200000000000001,4.0600000000000005,1.2899999999999991
1969-11-24 09:55:30,11.120000000000001,3.879999999999999,1.3500000000000014
1969-11-24 09:56:30,11.110000000000001,3.869999999999999,1.4200000000000017
1969-11-24 09:57:30,11.08,3.83,1.4299999999999997
1969-11-24 09:58:30,11.07,3.8200000000000003,1.4299999999999997
1969-11-24 09:59:30,11.16,3.8599999999999994,1.370000000000001
1969-11-24 10:00:30,11.290000000000001,3.83,1.370000000000001
1969-11-24 10:01:30,11.280000000000001,3.889999999999999,1.2300000000000004
1969-11-24 10:02:30,11.24,3.9299999999999997,1.1700000000000017
1969-11-24 10:03:30,11.280000000000001,3.959999999999999,1.120000000000001
1969-11-24 10:04:30,11.270000000000001,4.159999999999998,0.9700000000000024
1969-11-24 10:05:30,11.200000000000001,4.229999999999999,1.0700000000000003
1969-11-24 10:06:30,11.280000000000001,4.33,1.0100000000000016
1969-11-24 10:07:30,11.33,4.4399999999999995,1.0899999999999999
1969-11-24 10:08:30,11.42,4.520000000000001,1.1500000000000021
1969-11-24 10:09:30,11.350000000000001,4.589999999999998,1.2699999999999996
1969-11-24 10:10:30,11.34,4.58,1.4000000000000021
1969-11-24 10:11:30,11.4,4.529999999999999,1.5899999999999999
1969-11-24 10:12:30,11.33,4.549999999999999,1.5399999999999991
1969-11-24 10:13:30,11.23,4.860000000000001,1.0300000000000011
1969-11-24 10:14:30,11.05,4.8100000000000005,0.9700000000000024
1969-11-24 10:15:30,10.98,4.589999999999998,0.9499999999999993
1969-11-24 10:16:30,10.99,4.67,0.9499999999999993
1969-11-24 10:17:30,11.05,4.85,0.7899999999999991
1969-11-24 10:18:30,10.950000000000001,4.610000000000001,0.8900000000000006
1969-11-24 10:19:30,10.89,4.65,0.8399999999999999
1969-11-24 10:20:30,11.05,5.08,0.5500000000000007
1969-11-24 10:21:30,11.07,4.639999999999999,0.879999999999999
1969-11-24 10:22:30,11.180000000000001,4.42,1.1400000000000006
1969-11-24 10:23:30,11.25,4.450000000000001,1.3100000000000023
1969-11-24 10:24:30,11.280000000000001,4.35,1.3399999999999999
1969-11-24 10:25:30,11.34,4.1,1.620000000000001
1969-11-24 10:26:30,11.23,4.02,1.6900000000000013
1969-11-24 10:27:30,11.16,3.92,1.379999999999999
1969-11-24 10:28:30,11.110000000000001,3.9399999999999995,1.4800000000000004
1969-11-24 10:29:30,11.120000000000001,4.339999999999998,1.2899999999999991
1969-11-24 10:30:30,11.13,4.339999999999998,1.1500000000000021
1969-11-24 10:31:30,11.16,4.01,1.1600000000000001
1969-11-24 10:32:30,11.22,3.8100000000000005,1.1900000000000013
1969-11-24 10:33:30,11.200000000000001,3.51,1.2899999999999991
1969-11-24 10:34:30,11.23,3.389999999999999,1.4000000000000021
1969-11-24 10:35:30,11.260000000000002,3.41,1.3000000000000007
1969-11-24 10:36:30,11.14,3.51,1.0100000000000016
1969-11-24 10:37:30,11.180000000000001,3.3200000000000003,0.6999999999999993
1969-11-24 10:38:30,11.16,3.459999999999999,0.28000000000000114
1969-11-24 10:39:30,11.180000000000001,3.5199999999999996,0.030000000000001137
1969-11-24 10:40:30,11.22,3.459999999999999,-0.23000000000000043
1969-11-24 10:41:30,11.280000000000001,3.42,-0.28999999999999915
1969-11-24 10:42:30,11.3,3.459999999999999,-0.259999999999998
1969-11-24 10:43:30,11.38,3.4000000000000004,-0.09999999999999787
1969-11-24 10:44:30,11.41,3.3599999999999994,0.010000000000001563
1969-11-24 10:45:30,11.46,3.4800000000000004,0.16000000000000014
1969-11-24 10:46:30,11.430000000000001,3.5,0.4200000000000017
1969-11-24 10:47:30,11.47,3.42,0.46000000000000085
1969-11-24 10:48:30,11.440000000000001,3.42,0.5100000000000016
1969-11-24 10:49:30,11.360000000000001,3.369999999999999,0.6099999999999994
1969-11-24 10:50:30,11.290000000000001,3.41,0.6600000000000001
1969-11-24 10:51:30,11.17,3.5999999999999996,0.5899999999999999
1969-11-24 10:52:30,11.13,3.629999999999999,0.6500000000000021
1969-11-24 10:53:30,11.100000000000001,3.539999999999999,0.7200000000000024
1969-11-24 10:54:30,11.06,3.59,0.6000000000000014
1969-11-24 10:55:30,11.09,3.629999999999999,0.5199999999999996
1969-11-24 10:56:30,11.07,3.58,0.46000000000000085
1969-11-24 10:57:30,11.020000000000001,3.66,0.5
1969-11-24 10:58:30,11.020000000000001,3.6899999999999995,0.490000000000002
1969-11-24 10:59:30,11.030000000000001,3.8100000000000005,0.26000000000000156
1969-11-24 11:00:30,11.010000000000002,3.84,0.22000000000000242
1969-11-24 11:01:30,11.010000000000002,4.0,0.22000000000000242
1969-11-24 11:02:30,10.97,3.76,0.1999999999999993
1969-11-24 11:03:30,10.82,3.629999999999999,0.5500000000000007
1969-11-24 11:04:30,10.760000000000002,3.24,0.9499999999999993
1969-11-24 11:05:30,10.83,3.1500000000000004,0.9499999999999993
1969-11-24 11:06:30,11.030000000000001,3.67,0.5899999999999999
1969-11-24 11:07:30,10.950000000000001,3.9000000000000004,0.370000000000001
1969-11-24 11:08:30,10.91,3.92,0.05000000000000071
1969-11-24 11:09:30,10.940000000000001,3.9800000000000004,0.10000000000000142
1969-11-24 11:10:30,10.96,4.039999999999999,0.1700000000000017
1969-11-24 11:11:30,11.020000000000001,3.99,0.21000000000000085
1969-11-24 11:12:30,11.09,3.889999999999999,0.4499999999999993
1969-11-24 11:13:30,11.040000000000001,3.629999999999999,0.6900000000000013
1969-11-24 11:14:30,11.15,3.549999999999999,0.6500000000000021
1969-11-24 11:15:30,11.190000000000001,3.4000000000000004,0.6999999999999993
1969-11-24 11:16:30,11.17,3.25,0.7699999999999996
1969-11-24 11:17:30,11.200000000000001,3.17,0.9400000000000013
1969-11-24 11:18:30,11.15,3.0299999999999994,1.120000000000001
1969-11-24 11:19:30,11.15,2.9000000000000004,0.9700000000000024
1969-11-24 11:20:30,11.05,2.91,0.9000000000000021
1969-11-24 11:21:30,11.030000000000001,2.889999999999999,0.7600000000000016
1969-11-24 11:22:30,10.96,2.9499999999999993,0.8399999999999999
1969-11-24 11:23:30,11.010000000000002,2.9299999999999997,0.7699999999999996
1969-11-24 11:24:30,10.88,2.959999999999999,0.7699999999999996
1969-11-24 11:25:30,10.89,3.039999999999999,0.7100000000000009
1969-11-24 11:26:30,10.850000000000001,3.0299999999999994,0.7899999999999991
1969-11-24 11:27:30,10.83,2.969999999999999,0.879999999999999
1969-11-24 11:28:30,10.780000000000001,2.8200000000000003,1.0600000000000023
1969-11-24 11:29:30,10.72,2.8100000000000005,1.0399999999999991
1969-11-24 11:30:30,10.610000000000001,2.9399999999999995,1.0100000000000016
1969-11-24 11:31:30,10.57,2.92,1.120000000000001
1969-11-24 11:32:30,10.47,2.969999999999999,1.2100000000000009
1969-11-24 11:33:30,10.5,3.0,1.1500000000000021
1969-11-24 11:34:30,10.49,2.91,1.1999999999999993
1969-11-24 11:35:30,10.42,3.0299999999999994,1.1799999999999997
1969-11-24 11:36:30,10.42,3.08,1.2200000000000024
1969-11-24 11:37:30,10.39,3.0,1.1999999999999993
1969-11-24 11:38:30,10.3,3.01,1.1999999999999993
1969-11-24 11:39:30,10.25,3.0700000000000003,1.129999999999999
1969-11-24 11:40:30,10.22,3.0299999999999994,1.1900000000000013
1969-11-24 11:41:30,10.23,3.1799999999999997,1.129999999999999
1969-11-24 11:42:30,10.23,3.1899999999999995,1.0800000000000018
1969-11-24 11:43:30,10.17,3.26,1.0600000000000023
1969-11-24 11:44:30,10.24,3.289999999999999,0.9600000000000009
1969-11-24 11:45:30,10.24,3.4000000000000004,0.8599999999999994
1969-11-24 11:46:30,10.190000000000001,3.379999999999999,0.9400000000000013
1969-11-24 11:47:30,10.22,3.4499999999999993,1.0199999999999996
1969-11-24 11:48:30,10.270000000000001,3.459999999999999,0.9100000000000001
1969-11-24 11:49:30,10.260000000000002,3.369999999999999,0.6700000000000017
1969-11-24 11:50:30,10.14,2.619999999999999,1.6999999999999993
1969-11-24 11:51:30,10.39,3.4000000000000004,0.5300000000000011
1969-11-24 11:52:30,10.42,3.4299999999999997,0.019999999999999574
1969-11-24 11:53:30,10.42,3.0199999999999996,0.490000000000002
1969-11-24 11:54:30,10.46,2.879999999999999,0.5800000000000018
1969-11-24 11:55:30,10.510000000000002,2.92,0.5500000000000007
1969-11-24 11:56:30,10.39,2.8499999999999996,0.5300000000000011
1969-11-24 11:57:30,10.33,2.7699999999999996,0.6500000000000021
1969-11-24 11:58:30,10.41,2.9399999999999995,0.4499999999999993
1969-11-24 11:59:30,10.360000000000001,3.0,0.7300000000000004
1969-11-24 12:00:30,10.370000000000001,3.0999999999999996,0.5700000000000003
1969-11-24 12:01:30,10.450000000000001,3.51,0.6099999999999994
1969-11-24 12:02:30,10.49,3.5,0.6700000000000017
1969-11-24 12:03:30,10.530000000000001,3.6899999999999995,0.740000000000002
1969-11-24 12:04:30,10.620000000000001,3.5700000000000003,0.8900000000000006
1969-11-24 12:05:30,10.700000000000001,3.6099999999999994,1.0
1969-11-24 12:06:30,10.74,3.8599999999999994,0.879999999999999
1969-11-24 12:07:30,10.83,3.9800000000000004,0.879999999999999
1969-11-24 12:08:30,10.760000000000002,3.99,0.8300000000000018
1969-11-24 12:09:30,10.88,4.0600000000000005,0.7300000000000004
1969-11-24 12:10:30,10.91,4.029999999999999,0.8200000000000003
1969-11-24 12:11:30,10.97,4.039999999999999,1.2100000000000009
1969-11-24 12:12:30,10.99,3.8499999999999996,1.1900000000000013
1969-11-24 12:13:30,10.97,3.389999999999999,1.5700000000000003
1969-11-24 12:14:30,11.010000000000002,3.01,1.4600000000000009
1969-11-24 12:15:30,10.930000000000001,2.83,1.2899999999999991
1969-11-24 12:16:30,10.930000000000001,3.129999999999999,0.9400000000000013
1969-11-24 12:17:30,10.8,3.5700000000000003,0.9200000000000017
1969-11-24 12:18:30,10.760000000000002,3.549999999999999,0.879999999999999
1969-11-24 12:19:30,10.83,3.58,0.7600000000000016
1969-11-24 12:20:30,10.9,3.66,0.6799999999999997
1969-11-24 12:21:30,10.97,3.619999999999999,0.6600000000000001
1969-11-24 12:22:30,11.09,3.459999999999999,0.7200000000000024
1969-11-24 12:23:30,10.99,3.4499999999999993,0.9299999999999997
1969-11-24 12:24:30,10.97,3.2300000000000004,1.2100000000000009
1969-11-24 12:25:30,10.99,3.379999999999999,1.0899999999999999
1969-11-24 12:26:30,11.05,3.3200000000000003,1.0300000000000011
1969-11-24 12:27:30,11.13,3.459999999999999,1.0600000000000023
1969-11-24 12:28:30,11.110000000000001,3.539999999999999,1.0700000000000003
1969-11-24 12:29:30,11.180000000000001,3.5600000000000005,1.1000000000000014
1969-11-24 12:30:30,11.260000000000002,3.4299999999999997,1.1400000000000006
1969-11-24 12:31:30,11.350000000000001,3.379999999999999,1.1500000000000021
1969-11-24 12:32:30,11.38,3.219999999999999,1.2899999999999991
1969-11-24 12:33:30,11.4,3.2300000000000004,1.1999999999999993
1969-11-24 12:34:30,11.33,3.33,1.2699999999999996
1969-11-24 12:35:30,11.270000000000001,3.289999999999999,1.3000000000000007
1969-11-24 12:36:30,11.280000000000001,3.369999999999999,1.370000000000001
1969-11-24 12:37:30,11.270000000000001,3.389999999999999,1.5100000000000016
1969-11-24 12:38:30,11.25,3.3499999999999996,1.4000000000000021
1969-11-24 12:39:30,11.21,3.5299999999999994,1.3100000000000023
1969-11-24 12:40:30,11.110000000000001,3.5700000000000003,1.3399999999999999
1969-11-24 12:41:30,11.14,3.6500000000000004,1.2200000000000024
1969-11-24 12:42:30,11.15,3.9399999999999995,1.0700000000000003
1969-11-24 12:43:30,11.180000000000001,3.9399999999999995,1.0800000000000018
1969-11-24 12:44:30,11.260000000000002,4.0,0.9600000000000009
1969-11-24 12:45:30,11.290000000000001,3.9800000000000004,0.879999999999999
1969-11-24 12:46:30,11.370000000000001,3.9800000000000004,0.7800000000000011
1969-11-24 12:47:30,11.440000000000001,3.9000000000000004,0.7699999999999996
1969-11-24 12:48:30,11.450000000000001,3.83,0.8300000000000018
1969-11-24 12:49:30,11.540000000000001,3.8100000000000005,0.9800000000000004
1969-11-24 12:50:30,11.600000000000001,3.869999999999999,0.9600000000000009
1969-11-24 12:51:30,11.700000000000001,3.8200000000000003,1.0100000000000016
1969-11-24 12:52:30,11.72,3.76,1.1700000000000017
1969-11-24 12:53:30,11.780000000000001,3.619999999999999,1.2899999999999991
1969-11-24 12:54:30,11.83,3.84,1.1799999999999997
1969-11-24 12:55:30,11.98,3.84,1.0500000000000007
1969-11-24 12:56:30,12.05,3.7699999999999996,1.1500000000000021
1969-11-24 12:57:30,12.13,3.6899999999999995,1.1600000000000001
1969-11-24 12:58:30,12.22,3.58,1.240000000000002
1969-11-24 12:59:30,12.200000000000001,3.6099999999999994,1.3100000000000023
1969-11-24 13:00:30,12.17,3.549999999999999,1.240000000000002
1969-11-24 13:01:30,12.14,3.5700000000000003,1.0899999999999999
1969-11-24 13:02:30,12.100000000000001,3.58,1.1500000000000021
1969-11-24 13:03:30,12.870000000000001,3.3100000000000005,1.8399999999999999
1969-11-24 13:04:30,13.48,3.4299999999999997,1.9200000000000017
1969-11-24 13:05:30,13.46,3.4000000000000004,1.8599999999999994
1969-11-24 13:06:30,13.110000000000001,3.469999999999999,1.879999999999999
1969-11-24 13:07:30,12.940000000000001,3.4800000000000004,1.8900000000000006
1969-11-24 13:08:30,13.010000000000002,3.58,1.7899999999999991
1969-11-24 13:09:30,12.98,3.7699999999999996,1.870000000000001
1969-11-24 13:10:30,12.950000000000001,3.8499999999999996,1.8300000000000018
1969-11-24 13:11:30,12.92,4.01,1.879999999999999
1969-11-24 13:12:30,12.96,4.049999999999999,1.9499999999999993
1969-11-24 13:13:30,12.96,4.029999999999999,2.1000000000000014
1969-11-24 13:14:30,13.020000000000001,4.049999999999999,1.9100000000000001
1969-11-24 13:15:30,13.07,4.1,1.9600000000000009
1969-11-24 13:16:30,13.120000000000001,4.159999999999998,1.5700000000000003
1969-11-24 13:17:30,13.13,4.1,1.2899999999999991
1969-11-24 13:18:30,13.200000000000001,4.1,1.0
1969-11-24 13:19:30,13.17,3.99,1.0500000000000007
1969-11-24 13:20:30,13.290000000000001,3.889999999999999,1.0600000000000023
1969-11-24 13:21:30,13.32,4.029999999999999,0.9299999999999997
1969-11-24 13:22:30,13.450000000000001,4.049999999999999,0.629999999999999
1969-11-24 13:23:30,13.520000000000001,4.130000000000001,0.5899999999999999
1969-11-24 13:24:30,13.64,4.139999999999999,0.5600000000000023
1969-11-24 13:25:30,13.67,4.119999999999999,0.5300000000000011
1969-11-24 13:26:30,13.700000000000001,3.84,0.8500000000000014
1969-11-24 13:27:30,13.780000000000001,3.469999999999999,1.2600000000000016
1969-11-24 13:28:30,13.700000000000001,3.539999999999999,1.5700000000000003
1969-11-24 13:29:30,13.46,3.459999999999999,2.09
1969-11-24 13:30:30,13.42,3.5999999999999996,2.150000000000002
1969-11-24 13:31:30,13.32,3.5999999999999996,2.240000000000002
1969-11-24 13:32:30,13.47,3.539999999999999,2.2600000000000016
1969-11-24 13:33:30,13.58,3.5,2.4200000000000017
1969-11-24 13:34:30,13.680000000000001,3.639999999999999,2.150000000000002
1969-11-24 13:35:30,13.770000000000001,3.6999999999999993,2.0600000000000023
1969-11-24 13:36:30,13.81,3.799999999999999,1.9700000000000024
1969-11-24 13:37:30,13.790000000000001,4.01,1.8500000000000014
1969-11-24 13:38:30,13.780000000000001,4.110000000000001,1.8399999999999999
1969-11-24 13:39:30,13.790000000000001,4.179999999999998,2.3000000000000007
1969-11-24 13:40:30,13.8,4.299999999999999,2.2699999999999996
1969-11-24 13:41:30,13.82,4.499999999999998,2.2600000000000016
1969-11-24 13:42:30,13.88,4.610000000000001,2.120000000000001
1969-11-24 13:43:30,13.850000000000001,4.51,2.3500000000000014
1969-11-24 13:44:30,13.9,4.639999999999999,2.830000000000002
1969-11-24 13:45:30,13.850000000000001,4.83,3.129999999999999
1969-11-24 13:46:30,13.98,5.049999999999999,3.4200000000000017
1969-11-24 13:47:30,13.97,4.549999999999999,3.8500000000000014
1969-11-24 13:48:30,14.25,4.6,4.050000000000001
1969-11-24 13:49:30,14.520000000000001,4.92,3.91
1969-11-24 13:50:30,14.620000000000001,5.209999999999999,3.580000000000002
1969-11-24 13:51:30,14.67,5.4,3.4400000000000013
1969-11-24 13:52:30,14.850000000000001,5.65,2.91
1969-11-24 13:53:30,14.950000000000001,5.51,2.1400000000000006
1969-11-24 13:54:30,15.0,5.520000000000001,1.9499999999999993
1969-11-24 13:55:30,14.71,5.49,2.2699999999999996
1969-11-24 13:56:30,14.9,5.869999999999999,1.5399999999999991
1969-11-24 13:57:30,15.020000000000001,6.089999999999998,1.5600000000000023
1969-11-24 13:58:30,15.120000000000001,6.6899999999999995,1.0500000000000007
1969-11-24 13:59:30,14.98,6.65,1.3100000000000023
1969-11-24 14:00:30,14.98,6.020000000000001,0.620000000000001
1969-11-24 14:01:30,15.0,5.83,0.17999999999999972
1969-11-24 14:02:30,14.99,5.889999999999999,0.03999999999999915
1969-11-24 14:03:30,15.040000000000001,6.1899999999999995,-0.17999999999999972
1969-11-24 14:04:30,15.07,5.979999999999999,-0.3000000000000007
1969-11-24 14:05:30,15.100000000000001,5.380000000000001,0.08000000000000185
1969-11-24 14:06:30,15.110000000000001,4.979999999999999,0.3200000000000003
1969-11-24 14:07:30,15.05,4.839999999999998,0.40000000000000213
1969-11-24 14:08:30,14.9,4.790000000000001,0.7200000000000024
1969-11-24 14:09:30,14.75,4.959999999999999,0.6400000000000006
1969-11-24 14:10:30,14.690000000000001,5.179999999999998,0.4800000000000004
1969-11-24 14:11:30,14.770000000000001,5.339999999999998,0.4499999999999993
1969-11-24 14:12:30,14.870000000000001,5.26,0.3500000000000014
1969-11-24 14:13:30,15.040000000000001,5.499999999999998,0.490000000000002
1969-11-24 14:14:30,15.020000000000001,5.450000000000001,0.5
1969-11-24 14:15:30,15.020000000000001,5.1899999999999995,0.6600000000000001
1969-11-24 14:16:30,14.88,4.950000000000001,0.879999999999999
1969-11-24 14:17:30,15.030000000000001,5.110000000000001,1.1400000000000006
1969-11-24 14:18:30,14.81,4.799999999999999,1.0399999999999991
1969-11-24 14:19:30,14.690000000000001,5.01,1.5
1969-11-24 14:20:30,14.780000000000001,5.360000000000001,1.3399999999999999
1969-11-24 14:21:30,14.74,5.339999999999998,1.1900000000000013
1969-11-24 14:22:30,14.780000000000001,5.540000000000001,1.1500000000000021
1969-11-24 14:23:30,14.81,5.659999999999998,1.0800000000000018
1969-11-24 14:24:30,14.92,5.700000000000001,0.9700000000000024
1969-11-24 14:25:30,15.040000000000001,5.700000000000001,0.6700000000000017
1969-11-24 14:26:30,15.06,5.58,0.75
1969-11-24 14:27:30,14.950000000000001,5.360000000000001,1.1400000000000006
1969-11-24 14:28:30,14.98,5.389999999999999,1.1999999999999993
1969-11-24 14:29:30,14.99,5.339999999999998,0.8100000000000023
1969-11-24 14:30:30,15.010000000000002,5.15,0.6799999999999997
1969-11-24 14:31:30,14.99,4.889999999999999,0.7899999999999991
1969-11-24 14:32:30,14.9,4.950000000000001,0.8100000000000023
1969-11-24 14:33:30,14.75,4.8199999999999985,0.7699999999999996
1969-11-24 14:34:30,14.66,4.779999999999999,0.5600000000000023
1969-11-24 14:35:30,14.700000000000001,4.659999999999998,0.08999999999999986
1969-11-24 14:36:30,14.63,4.58,0.240000000000002
1969-11-24 14:37:30,14.520000000000001,4.159999999999998,0.6500000000000021
1969-11-24 14:38:30,14.510000000000002,4.029999999999999,1.0
1969-11-24 14:39:30,14.47,3.889999999999999,1.1500000000000021
1969-11-24 14:40:30,14.510000000000002,3.719999999999999,1.1900000000000013
1969-11-24 14:41:30,14.47,3.629999999999999,1.2800000000000011
1969-11-24 14:42:30,14.47,3.67,1.3399999999999999
1969-11-24 14:43:30,14.41,3.6099999999999994,1.3900000000000006
1969-11-24 14:44:30,14.4,3.459999999999999,1.3599999999999994
1969-11-24 14:45:30,14.42,3.49,1.2600000000000016
1969-11-24 14:46:30,14.32,3.58,1.1000000000000014
1969-11-24 14:47:30,14.290000000000001,3.5999999999999996,1.0399999999999991
1969-11-24 14:48:30,14.270000000000001,3.41,1.1799999999999997
1969-11-24 14:49:30,14.31,3.2300000000000004,1.4000000000000021
1969-11-24 14:50:30,14.290000000000001,3.1099999999999994,1.2100000000000009
1969-11-24 14:51:30,14.39,3.0999999999999996,0.9100000000000001
1969-11-24 14:52:30,14.360000000000001,2.99,0.7600000000000016
1969-11-24 14:53:30,14.280000000000001,2.83,0.75
1969-11-24 14:54:30,14.24,2.709999999999999,0.5800000000000018
1969-11-24 14:55:30,14.16,2.6799999999999997,0.46000000000000085
1969-11-24 14:56:30,14.07,2.51,0.490000000000002
1969-11-24 14:57:30,14.010000000000002,2.4499999999999993,0.5500000000000007
1969-11-24 14:58:30,13.930000000000001,2.389999999999999,0.5800000000000018
1969-11-24 14:59:30,13.83,2.5299999999999994,0.5300000000000011
1969-11-24 15:00:30,13.8,2.6099999999999994,0.46000000000000085
1969-11-24 15:01:30,13.89,2.5700000000000003,0.3000000000000007
1969-11-24 15:02:30,13.74,2.5199999999999996,0.4400000000000013
1969-11-24 15:03:30,13.71,2.66,0.39000000000000057
1969-11-24 15:04:30,13.66,2.709999999999999,0.370000000000001
1969-11-24 15:05:30,13.42,2.67,0.5300000000000011
1969-11-24 15:06:30,13.360000000000001,2.719999999999999,0.6000000000000014
1969-11-24 15:07:30,13.25,2.9499999999999993,0.41000000000000014
1969-11-24 15:08:30,13.180000000000001,2.9800000000000004,0.3500000000000014
1969-11-24 15:09:30,13.17,3.16,0.4700000000000024
1969-11-24 15:10:30,13.17,3.119999999999999,0.6400000000000006
1969-11-24 15:11:30,13.09,3.039999999999999,0.7300000000000004
1969-11-24 15:12:30,12.63,2.709999999999999,1.0899999999999999
1969-11-24 15:13:30,13.08,2.66,0.9600000000000009
1969-11-24 15:14:30,13.17,2.549999999999999,0.8399999999999999
1969-11-24 15:15:30,13.14,2.459999999999999,0.6999999999999993
1969-11-24 15:16:30,13.100000000000001,2.4800000000000004,0.6900000000000013
1969-11-24 15:17:30,13.14,2.49,0.629999999999999
1969-11-24 15:18:30,13.16,2.4299999999999997,0.6400000000000006
1969-11-24 15:19:30,13.17,2.41,0.6999999999999993
1969-11-24 15:20:30,13.24,2.459999999999999,0.629999999999999
1969-11-24 15:21:30,13.270000000000001,2.3499999999999996,0.5899999999999999
1969-11-24 15:22:30,13.3,2.34,0.629999999999999
1969-11-24 15:23:30,13.24,2.24,0.6000000000000014
1969-11-24 15:24:30,13.23,2.2799999999999994,0.5
1969-11-24 15:25:30,13.17,2.33,0.23000000000000043
1969-11-24 15:26:30,13.14,2.42,0.10999999999999943
1969-11-24 15:27:30,12.99,2.51,0.060000000000002274
1969-11-24 15:28:30,12.97,2.619999999999999,0.23000000000000043
1969-11-24 15:29:30,12.96,2.719999999999999,0.28000000000000114
1969-11-24 15:30:30,12.97,2.8100000000000005,0.39000000000000057
1969-11-24 15:31:30,12.88,2.8200000000000003,0.6600000000000001
1969-11-24 15:32:30,12.88,2.7799999999999994,0.9700000000000024
1969-11-24 15:33:30,12.88,2.7699999999999996,1.2200000000000024
1969-11-24 15:34:30,12.870000000000001,2.66,1.240000000000002
1969-11-24 15:35:30,12.860000000000001,2.51,1.2100000000000009
1969-11-24 15:36:30,12.83,2.3200000000000003,1.2699999999999996
1969-11-24 15:37:30,12.770000000000001,2.2699999999999996,1.3500000000000014
1969-11-24 15:38:30,12.75,2.2699999999999996,1.2699999999999996
1969-11-24 15:39:30,12.74,2.4000000000000004,1.1099999999999994
1969-11-24 15:40:30,12.71,2.379999999999999,1.0600000000000023
1969-11-24 15:41:30,12.71,2.389999999999999,1.0800000000000018
1969-11-24 15:42:30,12.690000000000001,2.4800000000000004,1.0500000000000007
1969-11-24 15:43:30,12.690000000000001,2.4499999999999993,1.2300000000000004
1969-11-24 15:44:30,12.73,2.5299999999999994,1.1799999999999997
1969-11-24 15:45:30,12.680000000000001,2.7300000000000004,1.1600000000000001
1969-11-24 15:46:30,12.65,2.7699999999999996,1.2300000000000004
1969-11-24 15:47:30,12.690000000000001,2.91,1.3100000000000023
1969-11-24 15:48:30,12.620000000000001,3.01,1.4400000000000013
1969-11-24 15:49:30,12.64,2.99,1.5300000000000011
1969-11-24 15:50:30,12.58,3.049999999999999,1.5700000000000003
1969-11-24 15:51:30,12.58,3.0299999999999994,1.5399999999999991
1969-11-24 15:52:30,12.57,3.0,1.5199999999999996
1969-11-24 15:53:30,12.58,2.92,1.4400000000000013
1969-11-24 15:54:30,12.64,2.9299999999999997,1.4400000000000013
1969-11-24 15:55:30,12.58,2.99,1.4200000000000017
1969-11-24 15:56:30,12.63,3.0199999999999996,1.3200000000000003
1969-11-24 15:57:30,12.57,3.1799999999999997,1.2600000000000016
1969-11-24 15:58:30,12.63,3.01,1.3399999999999999
1969-11-24 15:59:30,12.66,2.9399999999999995,1.4200000000000017
1969-11-24 16:00:30,12.57,2.9299999999999997,1.6000000000000014
1969-11-24 16:01:30,12.510000000000002,3.1500000000000004,1.5700000000000003
1969-11-24 16:02:30,12.46,3.219999999999999,1.4100000000000001
1969-11-24 16:03:30,12.47,3.1799999999999997,1.3599999999999994
1969-11-24 16:04:30,12.47,3.16,1.4000000000000021
1969-11-24 16:05:30,12.450000000000001,3.24,1.4400000000000013
1969-11-24 16:06:30,12.450000000000001,3.219999999999999,1.4700000000000024
1969-11-24 16:07:30,12.450000000000001,3.1500000000000004,1.6099999999999994
1969-11-24 16:08:30,12.4,3.119999999999999,1.8900000000000006
1969-11-24 16:09:30,12.31,3.0999999999999996,2.150000000000002
1969-11-24 16:11:30,12.34,3.2300000000000004,2.0500000000000007
1969-11-24 16:12:30,12.450000000000001,3.289999999999999,1.870000000000001
1969-11-24 16:13:30,12.56,3.299999999999999,1.6999999999999993
1969-11-24 16:14:30,12.57,3.34,1.370000000000001
1969-11-24 16:15:30,12.56,3.289999999999999,1.2600000000000016
1969-11-24 16:16:30,12.59,3.33,1.0399999999999991
1969-11-24 16:17:30,12.600000000000001,3.26,0.9600000000000009
1969-11-24 16:18:30,12.63,3.17,0.879999999999999
1969-11-24 16:19:30,12.620000000000001,3.209999999999999,0.8300000000000018
1969-11-24 16:20:30,12.620000000000001,3.2300000000000004,0.740000000000002
1969-11-24 16:21:30,12.67,3.299999999999999,0.8100000000000023
1969-11-24 16:22:30,12.66,3.369999999999999,0.8100000000000023
1969-11-24 16:23:30,12.71,3.3599999999999994,0.990000000000002
1969-11-24 16:24:30,12.82,3.34,1.0700000000000003
1969-11-24 16:25:30,12.8,3.3499999999999996,1.1700000000000017
1969-11-24 16:26:30,12.8,3.3499999999999996,1.240000000000002
1969-11-24 16:27:30,12.790000000000001,3.49,1.0800000000000018
1969-11-24 16:28:30,12.75,3.5999999999999996,1.129999999999999
1969-11-24 16:29:30,12.770000000000001,3.58,1.2800000000000011
1969-11-24 16:30:30,12.71,3.5,1.4200000000000017
1969-11-24 16:31:30,12.680000000000001,3.42,1.5700000000000003
1969-11-24 16:32:30,12.63,3.33,1.6000000000000014
1969-11-24 16:33:30,12.610000000000001,3.25,1.4400000000000013
1969-11-24 16:34:30,12.540000000000001,3.26,1.1900000000000013
1969-11-24 16:35:30,12.450000000000001,3.1899999999999995,1.120000000000001
1969-11-24 16:36:30,12.38,3.299999999999999,1.1099999999999994
1969-11-24 16:37:30,12.370000000000001,3.369999999999999,1.0300000000000011
1969-11-24 16:38:30,12.42,3.5,0.9800000000000004
1969-11-24 16:39:30,12.46,3.6099999999999994,1.0399999999999991
1969-11-24 16:40:30,12.540000000000001,3.709999999999999,1.0399999999999991
1969-11-24 16:41:30,12.64,3.7300000000000004,1.0199999999999996
1969-11-24 16:42:30,12.8,3.75,0.8900000000000006
1969-11-24 16:43:30,12.89,3.6999999999999993,0.8399999999999999
1969-11-24 16:44:30,12.89,3.6999999999999993,1.0
1969-11-24 16:45:30,12.91,3.709999999999999,1.0500000000000007
1969-11-24 16:46:30,12.9,3.789999999999999,1.0600000000000023
1969-11-24 16:47:30,12.88,3.969999999999999,1.2200000000000024
1969-11-24 16:48:30,12.96,4.049999999999999,1.2600000000000016
1969-11-24 16:49:30,13.030000000000001,3.9299999999999997,1.3100000000000023
1969-11-24 16:50:30,13.14,3.869999999999999,1.3100000000000023
1969-11-24 16:51:30,13.22,3.7300000000000004,1.3399999999999999
1969-11-24 16:52:30,13.260000000000002,3.59,1.5399999999999991
1969-11-24 17:10:30,13.73,4.529999999999999,-0.370000000000001
1969-11-24 17:11:30,13.690000000000001,4.540000000000001,-0.4399999999999977
1969-11-24 17:12:30,13.67,4.619999999999999,-0.5700000000000003
1969-11-24 17:13:30,13.72,4.639999999999999,-0.5999999999999979
1969-11-24 17:14:30,13.66,4.639999999999999,-0.5199999999999996
1969-11-24 17:15:30,13.63,4.65,-0.3999999999999986
1969-11-24 17:16:30,13.5,4.659999999999998,-0.3299999999999983
1969-11-24 17:17:30,13.4,4.5699999999999985,-0.17999999999999972
1969-11-24 17:18:30,13.4,4.6899999999999995,-0.21999999999999886
1969-11-24 17:19:30,13.22,4.639999999999999,-0.08999999999999986
1969-11-24 17:20:30,13.190000000000001,4.639999999999999,0.26000000000000156
1969-11-24 17:21:30,13.190000000000001,4.679999999999998,0.22000000000000242
1969-11-24 17:22:30,13.120000000000001,4.65,0.2699999999999996
1969-11-24 17:23:30,13.110000000000001,4.639999999999999,0.39000000000000057
1969-11-24 17:24:30,13.16,4.540000000000001,0.379999999999999
1969-11-24 17:25:30,13.190000000000001,4.499999999999998,0.490000000000002
1969-11-24 17:26:30,13.21,4.409999999999998,0.5700000000000003
1969-11-24 17:27:30,13.3,4.33,0.6099999999999994
1969-11-24 17:28:30,13.260000000000002,4.429999999999998,0.5300000000000011
1969-11-24 17:29:30,13.17,4.369999999999999,0.620000000000001
1969-11-24 17:30:30,13.13,4.33,0.7600000000000016
1969-11-24 17:31:30,13.06,4.389999999999999,0.7699999999999996
1969-11-24 17:32:30,12.950000000000001,4.299999999999999,0.8000000000000007
1969-11-24 17:33:30,12.92,4.3100000000000005,0.8300000000000018
1969-11-24 17:34:30,12.860000000000001,4.380000000000001,0.8300000000000018
1969-11-24 17:35:30,12.84,4.499999999999998,0.8000000000000007
1969-11-24 17:36:30,12.860000000000001,4.720000000000001,0.75
1969-11-24 17:37:30,12.84,4.709999999999999,0.5700000000000003
1969-11-24 17:38:30,12.81,4.65,0.46000000000000085
1969-11-24 17:39:30,12.71,4.700000000000001,0.4299999999999997
1969-11-24 17:40:30,12.620000000000001,4.659999999999998,0.5
1969-11-24 17:41:30,12.56,4.6,0.40000000000000213
1969-11-24 17:42:30,12.530000000000001,4.520000000000001,0.5199999999999996
1969-11-24 17:43:30,12.5,4.49,0.5500000000000007
1969-11-24 17:44:30,12.46,4.790000000000001,0.4800000000000004
1969-11-24 17:45:30,12.350000000000001,4.610000000000001,0.7800000000000011
1969-11-24 17:46:30,12.38,4.9,0.6600000000000001
1969-11-24 17:47:30,12.38,4.679999999999998,0.9100000000000001
1969-11-24 17:48:30,12.360000000000001,4.65,0.9299999999999997
1969-11-24 17:49:30,12.260000000000002,4.749999999999998,0.8100000000000023
1969-11-24 17:50:30,12.23,4.8100000000000005,0.7699999999999996
1969-11-24 17:51:30,12.190000000000001,4.76,1.0199999999999996
1969-11-24 17:52:30,12.23,4.700000000000001,1.0899999999999999
1969-11-24 17:53:30,12.370000000000001,5.049999999999999,0.22000000000000242
1969-11-24 17:54:30,12.42,4.790000000000001,0.019999999999999574
1969-11-24 17:55:30,12.610000000000001,4.749999999999998,-0.07000000000000028
1969-11-24 17:56:30,12.72,4.389999999999999,-0.05999999999999872
1969-11-24 17:57:30,12.73,3.7799999999999994,0.26000000000000156
1969-11-24 17:58:30,12.790000000000001,3.25,0.4400000000000013
1969-11-24 17:59:30,12.770000000000001,3.3599999999999994,0.379999999999999
1969-11-24 18:00:30,12.760000000000002,3.2799999999999994,0.379999999999999
1969-11-24 18:01:30,12.610000000000001,3.289999999999999,0.6600000000000001
1969-11-24 18:02:30,12.370000000000001,3.119999999999999,0.9000000000000021
1969-11-24 18:03:30,12.31,3.1099999999999994,1.0
1969-11-24 18:04:30,12.25,3.209999999999999,0.8300000000000018
1969-11-24 18:05:30,12.21,2.8499999999999996,0.6400000000000006
1969-11-24 18:06:30,12.08,2.74,0.6600000000000001
1969-11-24 18:07:30,12.010000000000002,2.9399999999999995,0.5199999999999996
1969-11-24 18:08:30,11.790000000000001,3.17,0.5399999999999991
1969-11-24 18:09:30,11.600000000000001,3.209999999999999,0.7899999999999991
1969-11-24 18:10:30,11.5,3.2799999999999994,0.620000000000001
1969-11-24 18:11:30,11.430000000000001,3.2799999999999994,0.6999999999999993
1969-11-24 18:12:30,11.38,3.389999999999999,0.8900000000000006
1969-11-24 18:13:30,11.31,3.59,1.1400000000000006
1969-11-24 18:14:30,11.370000000000001,3.469999999999999,1.0800000000000018
1969-11-24 18:15:30,11.450000000000001,3.459999999999999,0.9400000000000013
1969-11-24 18:16:30,11.440000000000001,3.369999999999999,0.7100000000000009
1969-11-24 18:17:30,11.4,3.139999999999999,0.9499999999999993
